event_time,event_mag,station,phase,pn_time,confidence,matched,residual,week_idx,pi_Q,pi_A,pi_D
2021-01-06 14:08:47.920,3.1,PDGK,P,2021-01-06 14:09:27.746000,0.82110643,False,,53,1.0,0.0,0.0
2021-01-08 03:48:57.670,3.78,PDGK,P,2021-01-08 03:49:27.096000,0.880346,True,0.086,53,1.0,0.0,0.0
2021-01-08 03:48:57.670,3.78,PDGK,S,2021-01-08 03:49:50.636000,0.40732515,False,,53,1.0,0.0,0.0
2021-01-12 13:21:59.190,3.03,PDGK,P,2021-01-12 13:22:22.341000,0.9452437,True,0.041,53,1.0,0.0,0.0
2021-01-12 13:21:59.190,3.03,PDGK,S,2021-01-12 13:22:39.291000,0.85600674,False,,53,1.0,0.0,0.0
2021-01-20 13:42:30.830,4.07,PDGK,P,2021-01-20 13:43:19.381000,0.3077539,False,,55,1.0,0.0,0.0
2021-01-20 13:42:30.830,4.07,PDGK,P,2021-01-20 13:43:20.991000,0.529927,False,,55,1.0,0.0,0.0
2021-01-20 13:42:30.830,4.07,PDGK,S,2021-01-20 13:43:59.061000,0.6007538,False,,55,1.0,0.0,0.0
2021-02-01 12:38:40.930,4.21,PDGK,P,2021-02-01 12:39:35.811000,0.70053244,False,,56,1.0,0.0,0.0
2021-03-14 10:25:59.020,4.12,PDGK,P,2021-03-14 10:26:34.326000,0.8542187,False,,62,1.0,0.0,0.0
2021-03-14 12:20:02.600,4.55,PDGK,P,2021-03-14 12:21:00.711000,0.83490145,True,0.131,62,1.0,0.0,0.0
2021-03-17 06:27:16.710,3.34,PDGK,P,2021-03-17 06:27:44.096000,0.79774237,True,-0.214,63,1.0,0.0,0.0
2021-03-17 06:27:16.710,3.34,PDGK,S,2021-03-17 06:28:04.356000,0.55127424,False,,63,1.0,0.0,0.0
2021-03-23 21:14:19.340,4.97,PDGK,P,2021-03-23 21:14:53.051000,0.6431843,True,0.451,63,1.0,0.0,0.0
2021-03-24 00:04:35.560,4.12,PDGK,P,2021-03-24 00:05:10.586000,0.749072,False,,64,1.0,0.0,0.0
2021-03-24 00:04:35.560,4.12,PDGK,S,2021-03-24 00:05:42.056000,0.58956784,False,,64,1.0,0.0,0.0
2021-03-24 13:14:13.490,4.0,PDGK,P,2021-03-24 13:14:48.631000,0.8105243,True,0.031,64,1.0,0.0,0.0
2021-03-24 13:14:13.490,4.0,PDGK,S,2021-03-24 13:15:20.111000,0.31393152,False,,64,1.0,0.0,0.0
2021-05-06 07:07:18.260,3.29,PDGK,P,2021-05-06 07:07:32.256000,0.8967892,True,-0.064,70,1.0,0.0,0.0
2021-05-06 07:07:18.260,3.29,PDGK,S,2021-05-06 07:07:41.696000,0.8389956,True,0.116,70,1.0,0.0,0.0
2021-06-14 07:09:14.780,4.35,PDGK,P,2021-06-14 07:09:58.981000,0.83851945,False,,75,1.0,0.0,0.0
2021-06-14 07:09:14.780,4.35,PDGK,S,2021-06-14 07:10:34.381000,0.37401792,False,,75,1.0,0.0,0.0
2021-06-25 01:42:11.280,3.89,PDGK,P,2021-06-25 01:43:08.951000,0.83749795,True,0.151,77,1.0,0.0,0.0
2021-06-25 01:42:11.280,3.89,PDGK,S,2021-06-25 01:43:52.931000,0.44167888,False,,77,1.0,0.0,0.0
2021-06-25 01:42:11.280,3.89,MKAR,P,2021-06-25 01:43:36.311000,0.46262187,True,0.211,77,1.0,0.0,0.0
2021-06-26 11:19:42.290,3.19,PDGK,P,2021-06-26 11:20:24.711000,0.6606338,True,0.131,77,1.0,0.0,0.0
2021-06-26 11:19:42.290,3.19,PDGK,S,2021-06-26 11:21:00.541000,0.55629456,False,,77,1.0,0.0,0.0
2021-07-01 23:08:26.390,3.23,PDGK,P,2021-07-01 23:09:19.631000,0.6972914,True,0.321,78,1.0,0.0,0.0
2021-07-01 23:08:26.390,3.23,PDGK,S,2021-07-01 23:10:09.231000,0.35255125,False,,78,1.0,0.0,0.0
2021-07-01 23:08:26.390,3.23,MKAR,P,2021-07-01 23:09:40.151000,0.51025224,True,-0.149,78,1.0,0.0,0.0
2021-07-01 23:08:26.390,3.23,MKAR,S,2021-07-01 23:09:55.071000,0.42739484,False,,78,1.0,0.0,0.0
2021-07-02 01:15:43.910,3.47,PDGK,P,2021-07-02 01:16:13.166000,0.75316894,True,0.046,78,1.0,0.0,0.0
2021-07-02 01:15:43.910,3.47,PDGK,S,2021-07-02 01:16:33.836000,0.77501726,False,,78,1.0,0.0,0.0
2021-07-02 01:15:43.910,3.47,MKAR,P,2021-07-02 01:16:43.996000,0.8380207,True,0.246,78,1.0,0.0,0.0
2021-07-02 01:15:43.910,3.47,MKAR,S,2021-07-02 01:16:54.676000,0.4508363,False,,78,1.0,0.0,0.0
2021-07-08 13:05:03.290,4.45,PDGK,P,2021-07-08 13:05:39.431000,0.7494672,False,,79,1.0,0.0,0.0
2021-07-20 01:26:59.180,3.99,PDGK,P,2021-07-20 01:27:36.081000,0.8674673,True,0.111,80,1.0,0.0,0.0
2021-07-20 01:26:59.180,3.99,PDGK,S,2021-07-20 01:28:04.431000,0.44082886,False,,80,1.0,0.0,0.0
2021-07-23 17:44:26.470,2.98,PDGK,P,2021-07-23 17:44:59.835333,0.62847966,False,,81,1.0,0.0,0.0
2021-07-23 17:44:26.470,2.98,PDGK,P,2021-07-23 17:45:44.485333,0.65389526,False,,81,1.0,0.0,0.0
2021-07-23 17:44:26.470,2.98,PDGK,S,2021-07-23 17:46:02.945333,0.46739972,False,,81,1.0,0.0,0.0
2021-07-23 17:44:26.470,2.98,MKAR,P,2021-07-23 17:45:39.796000,0.6165736,True,0.076,81,1.0,0.0,0.0
2021-07-23 17:44:26.470,2.98,MKAR,S,2021-07-23 17:45:53.886000,0.5061028,False,,81,1.0,0.0,0.0
2021-08-07 03:02:26.920,3.11,MKAR,P,2021-08-07 03:03:08.976000,0.85716736,True,0.076,83,1.0,0.0,0.0
2021-08-07 03:02:26.920,3.11,MKAR,S,2021-08-07 03:03:43.166000,0.35907793,False,,83,1.0,0.0,0.0
2021-08-07 03:02:26.920,3.11,PDGK,P,2021-08-07 03:03:58.686000,0.70348006,True,0.066,83,1.0,0.0,0.0
2021-08-29 14:27:51.030,4.09,PDGK,P,2021-08-29 14:28:46.151000,0.56170416,True,0.261,86,1.0,0.0,0.0
2021-08-29 14:27:51.030,4.09,PDGK,S,2021-08-29 14:29:33.261000,0.32336363,False,,86,1.0,0.0,0.0
2021-09-26 17:22:17.710,4.01,PDGK,P,2021-09-26 17:22:52.696000,0.6927623,True,0.256,90,1.0,0.0,0.0
2021-09-26 17:22:17.710,4.01,PDGK,P,2021-09-26 17:22:53.106000,0.3495157,False,,90,1.0,0.0,0.0
2021-09-26 17:22:17.710,4.01,PDGK,S,2021-09-26 17:23:19.306000,0.41043127,False,,90,1.0,0.0,0.0
2021-09-29 07:46:12.350,3.21,PDGK,P,2021-09-29 07:47:32.471000,0.41736764,False,,91,1.0,0.0,0.0
2021-10-13 06:02:41.880,3.29,PDGK,P,2021-10-13 06:03:34.901000,0.62171674,True,0.381,93,1.0,0.0,0.0
2021-10-13 06:02:41.880,3.29,PDGK,P,2021-10-13 06:04:15.051000,0.60105276,False,,93,1.0,0.0,0.0
2021-10-13 06:02:41.880,3.29,PDGK,S,2021-10-13 06:04:22.511000,0.3104752,False,,93,1.0,0.0,0.0
2021-10-13 06:02:41.880,3.29,MKAR,P,2021-10-13 06:03:57.421000,0.63913155,False,,93,1.0,0.0,0.0
2021-10-21 00:12:23.650,3.42,PDGK,S,2021-10-21 00:13:00.051000,0.42691016,False,,94,1.0,0.0,0.0
2021-10-21 00:12:23.650,3.42,PDGK,P,2021-10-21 00:13:18.641000,0.4566953,True,0.051,94,1.0,0.0,0.0
2021-10-26 17:47:02.160,3.69,PDGK,P,2021-10-26 17:47:58.476000,0.633463,True,0.356,94,1.0,0.0,0.0
2021-11-04 20:46:13.120,3.27,BVAR,P,2021-11-04 20:47:30.236000,0.87103856,True,-0.164,96,1.0,0.0,0.0
2021-11-17 11:17:16.770,3.36,PDGK,P,2021-11-17 11:18:37.576000,0.6237377,True,0.116,98,1.0,0.0,0.0
2021-11-29 06:45:58.480,3.89,PDGK,P,2021-11-29 06:46:59.291000,0.78838736,False,,99,1.0,0.0,0.0
2021-11-29 06:45:58.480,3.89,PDGK,S,2021-11-29 06:47:11.941000,0.44761467,False,,99,1.0,0.0,0.0
2021-12-03 02:38:27.520,4.03,PDGK,S,2021-12-03 02:38:29.026000,0.45198813,False,,100,1.0,0.0,0.0
2021-12-03 02:38:27.520,4.03,PDGK,P,2021-12-03 02:39:14.286000,0.8719251,True,0.196,100,1.0,0.0,0.0
2021-12-03 02:38:27.520,4.03,PDGK,S,2021-12-03 02:39:49.926000,0.44984102,False,,100,1.0,0.0,0.0
2022-01-04 04:45:02.160,4.24,PDGK,P,2022-01-04 04:45:37.666000,0.77771115,False,,104,1.0,0.0,0.0
2022-01-04 04:45:02.160,4.24,PDGK,S,2022-01-04 04:46:03.966000,0.3085659,False,,104,1.0,0.0,0.0
2022-01-04 17:35:41.690,4.29,PDGK,P,2022-01-04 17:36:17.590000,0.61278963,False,,104,1.0,0.0,0.0
2022-01-04 17:35:41.690,4.29,PDGK,S,2022-01-04 17:36:44.500000,0.5056056,False,,104,1.0,0.0,0.0
2022-01-27 18:32:51.210,4.18,PDGK,P,2022-01-27 18:33:23.676000,0.73527735,True,0.176,108,1.0,0.0,0.0
2022-02-15 11:32:39.010,3.56,PDGK,P,2022-02-15 11:33:31.366000,0.6382105,False,,110,1.0,0.0,0.0
2022-02-15 11:32:39.010,3.56,PDGK,S,2022-02-15 11:34:17.376000,0.3813762,False,,110,1.0,0.0,0.0
2022-03-15 06:36:35.300,4.27,PDGK,P,2022-03-15 06:37:43.641000,0.8285682,False,,114,1.0,0.0,0.0
2022-03-31 23:13:06.760,4.17,PDGK,P,2022-03-31 23:14:27.246000,0.47065884,True,0.306,117,1.0,0.0,0.0
2022-05-03 01:33:43.170,3.32,PDGK,P,2022-05-03 01:34:27.136000,0.5837551,False,,121,1.0,0.0,0.0
2022-05-03 01:33:43.170,3.32,PDGK,P,2022-05-03 01:34:38.276000,0.570402,True,0.146,121,1.0,0.0,0.0
2022-05-26 15:50:36.420,5.09,PDGK,P,2022-05-26 15:51:00.906000,0.9054788,True,0.146,125,0.0,1.0,0.0
2022-05-26 15:50:36.420,5.09,PDGK,S,2022-05-26 15:51:19.496000,0.3841513,True,0.106,125,0.0,1.0,0.0
2022-06-18 21:09:29.950,3.97,PDGK,P,2022-06-18 21:10:06.521000,0.78211623,True,0.031,128,0.3289324406282428,4.9037975999777974e-11,0.6710675593227191
2022-06-18 21:09:29.950,3.97,PDGK,S,2022-06-18 21:10:34.191000,0.40684196,False,,128,0.3289324406282428,4.9037975999777974e-11,0.6710675593227191
2022-06-27 08:22:03.900,3.26,PDGK,P,2022-06-27 08:22:41.001000,0.8385696,False,,129,0.2868112005334783,5.33491644290666e-11,0.7131887994131726
2022-07-07 04:40:01.170,4.51,PDGK,P,2022-07-07 04:40:36.735000,0.873381,True,0.355,131,0.8684733632917825,5.655150097715856e-11,0.13152663665166603
2022-07-08 12:12:20.050,4.08,PDGK,P,2022-07-08 12:12:57.530000,0.8449011,False,,131,0.8684733632917825,5.655150097715856e-11,0.13152663665166603
2022-07-08 12:12:20.050,4.08,PDGK,S,2022-07-08 12:13:24.790000,0.43793622,False,,131,0.8684733632917825,5.655150097715856e-11,0.13152663665166603
2022-07-08 12:12:20.050,4.08,PDGK,S,2022-07-08 12:13:28.480000,0.3422816,False,,131,0.8684733632917825,5.655150097715856e-11,0.13152663665166603
2022-07-08 12:23:09.690,4.16,PDGK,P,2022-07-08 12:23:46.990000,0.8797276,True,0.44,131,0.8684733632917825,5.655150097715856e-11,0.13152663665166603
2022-07-08 12:23:09.690,4.16,PDGK,S,2022-07-08 12:24:14.280000,0.31422195,False,,131,0.8684733632917825,5.655150097715856e-11,0.13152663665166603
2022-07-26 16:46:42.520,4.0,PDGK,P,2022-07-26 16:46:41.705000,0.908183,False,,133,0.9844769763116525,3.4161234930235625e-12,0.015523023684931343
2022-07-26 16:46:42.520,4.0,PDGK,S,2022-07-26 16:47:15.035000,0.5144532,False,,133,0.9844769763116525,3.4161234930235625e-12,0.015523023684931343
2022-07-26 16:46:42.520,4.0,PDGK,S,2022-07-26 16:47:59.805000,0.39735603,False,,133,0.9844769763116525,3.4161234930235625e-12,0.015523023684931343
2022-07-27 09:52:50.470,4.24,PDGK,P,2022-07-27 09:54:21.305000,0.4613554,True,-0.085,134,0.9744673445749974,1.909937221902369e-12,0.0255326554230927
2022-08-23 11:12:31.910,4.08,PDGK,P,2022-08-23 11:13:10.815000,0.827073,True,0.415,137,0.977194224719253,1.6665223142894982e-12,0.022805775279080422
2022-08-26 08:57:01.980,4.17,PDGK,P,2022-08-26 08:57:48.410000,0.77999175,False,,138,0.945096552829264,4.624579201423962e-12,0.0549034471661114
2022-08-26 08:57:01.980,4.17,PDGK,S,2022-08-26 08:57:56.990000,0.40028766,False,,138,0.945096552829264,4.624579201423962e-12,0.0549034471661114
2022-08-26 08:57:01.980,4.17,PDGK,S,2022-08-26 08:58:30.090000,0.30311814,False,,138,0.945096552829264,4.624579201423962e-12,0.0549034471661114
2022-09-06 04:36:40.540,2.98,PDGK,P,2022-09-06 04:37:00.150000,0.91033345,True,0.05,139,0.9916591675559523,3.5862438661510687e-12,0.008340832440461535
2022-09-26 00:50:35.780,3.44,PDGK,P,2022-09-26 00:50:59.270000,0.85600185,True,0.09,142,4.876940102337514e-14,0.9999999982554522,1.7444990493494903e-09
2022-09-27 21:20:26.800,4.34,PDGK,P,2022-09-27 21:20:51.800000,0.89899075,True,0.11,142,4.876940102337514e-14,0.9999999982554522,1.7444990493494903e-09
2022-09-27 21:20:26.800,4.34,PDGK,S,2022-09-27 21:21:16.170000,0.37246326,False,,142,4.876940102337514e-14,0.9999999982554522,1.7444990493494903e-09
2022-09-29 10:48:11.910,4.06,PDGK,P,2022-09-29 10:48:54.215000,0.8681275,True,0.105,143,4.6622572017816315e-12,0.0014151353211022013,0.9985848646742356
2022-09-29 10:48:11.910,4.06,PDGK,S,2022-09-29 10:49:27.715000,0.43389457,False,,143,4.6622572017816315e-12,0.0014151353211022013,0.9985848646742356
2022-11-18 11:44:17.910,3.65,PDGK,P,2022-11-18 11:45:18.995000,0.65246785,False,,150,0.23519624703643444,6.44202816422288e-11,0.7648037528991452
2022-11-20 03:21:42.650,3.29,PDGK,P,2022-11-20 03:22:05.530000,0.9588337,True,0.04,150,0.23519624703643444,6.44202816422288e-11,0.7648037528991452
2022-11-20 03:21:42.650,3.29,PDGK,P,2022-11-20 03:22:22.710000,0.79324615,False,,150,0.23519624703643444,6.44202816422288e-11,0.7648037528991452
2022-11-20 03:21:42.650,3.29,PDGK,S,2022-11-20 03:22:26.030000,0.67605543,False,,150,0.23519624703643444,6.44202816422288e-11,0.7648037528991452
2022-11-21 14:32:42.850,4.26,PDGK,S,2022-11-21 14:33:09.130000,0.37017167,False,,150,0.23519624703643444,6.44202816422288e-11,0.7648037528991452
2022-11-21 14:32:42.850,4.26,PDGK,P,2022-11-21 14:33:26.340000,0.76003957,True,0.33,150,0.23519624703643444,6.44202816422288e-11,0.7648037528991452
2022-11-21 14:32:42.850,4.26,PDGK,S,2022-11-21 14:34:02.050000,0.32941884,False,,150,0.23519624703643444,6.44202816422288e-11,0.7648037528991452
2022-11-22 03:40:14.880,4.16,PDGK,P,2022-11-22 03:40:39.430000,0.68501365,True,-0.05,150,0.23519624703643444,6.44202816422288e-11,0.7648037528991452
2022-11-22 03:40:14.880,4.16,PDGK,P,2022-11-22 03:40:56.560000,0.31297195,False,,150,0.23519624703643444,6.44202816422288e-11,0.7648037528991452
2022-11-22 03:40:14.880,4.16,PDGK,S,2022-11-22 03:40:59.890000,0.68018436,False,,150,0.23519624703643444,6.44202816422288e-11,0.7648037528991452
2022-12-14 16:32:04.270,3.73,PDGK,P,2022-12-14 16:32:37.585000,0.8958991,True,-0.065,154,0.9600649301805715,4.1934171084071013e-11,0.03993506977749439
2022-12-14 16:32:04.270,3.73,PDGK,S,2022-12-14 16:33:03.945000,0.35388723,False,,154,0.9600649301805715,4.1934171084071013e-11,0.03993506977749439
2022-12-28 17:16:37.380,5.01,PDGK,P,2022-12-28 17:17:04.570000,0.7548495,True,0.07,156,0.0,1.0,0.0
2022-12-28 17:16:37.380,5.01,PDGK,S,2022-12-28 17:17:24.250000,0.40000233,True,0.06,156,0.0,1.0,0.0
2022-12-28 19:17:50.420,3.81,PDGK,P,2022-12-28 19:18:17.655000,0.94621456,True,0.235,156,0.0,1.0,0.0
2022-12-28 19:17:50.420,3.81,PDGK,P,2022-12-28 19:18:36.965000,0.43873656,False,,156,0.0,1.0,0.0
2022-12-28 19:17:50.420,3.81,PDGK,S,2022-12-28 19:18:44.145000,0.50815094,False,,156,0.0,1.0,0.0
2023-01-03 23:31:50.870,4.21,PDGK,S,2023-01-03 23:32:14.135000,0.3064115,False,,156,0.0,1.0,0.0
2023-01-13 12:30:30.180,3.42,PDGK,P,2023-01-13 12:30:51.370000,0.9288545,True,0.31,158,0.5516413376594543,1.9277745681053997e-10,0.44835866214776826
2023-01-13 12:30:30.180,3.42,PDGK,S,2023-01-13 12:31:06.250000,0.79224145,True,0.04,158,0.5516413376594543,1.9277745681053997e-10,0.44835866214776826
2023-01-13 12:30:30.180,3.42,PDGK,S,2023-01-13 12:31:09.830000,0.4126793,False,,158,0.5516413376594543,1.9277745681053997e-10,0.44835866214776826
2023-01-25 13:13:38.290,4.25,PDGK,P,2023-01-25 13:14:41.220000,0.6235661,True,0.34,160,0.9955602552889365,4.66199308973212e-12,0.004439744706401495
2023-01-25 13:13:38.290,4.25,PDGK,S,2023-01-25 13:14:53.540000,0.31483585,False,,160,0.9955602552889365,4.66199308973212e-12,0.004439744706401495
2023-01-27 00:10:44.090,3.78,PDGK,P,2023-01-27 00:11:26.540000,0.72534037,False,,160,0.9955602552889365,4.66199308973212e-12,0.004439744706401495
2023-01-27 00:10:44.090,3.78,PDGK,P,2023-01-27 00:11:27.050000,0.31455305,False,,160,0.9955602552889365,4.66199308973212e-12,0.004439744706401495
2023-01-27 00:10:44.090,3.78,PDGK,S,2023-01-27 00:11:58.900000,0.50096714,False,,160,0.9955602552889365,4.66199308973212e-12,0.004439744706401495
2023-02-07 02:46:16.330,4.14,PDGK,P,2023-02-07 02:46:52.080000,0.9092429,True,0.45,161,0.9835669854411502,1.7003092377009389e-12,0.016433014557149465
2023-02-07 02:46:16.330,4.14,PDGK,S,2023-02-07 02:47:19.310000,0.75857437,False,,161,0.9835669854411502,1.7003092377009389e-12,0.016433014557149465
2023-02-22 10:25:51.840,4.26,PDGK,P,2023-02-22 10:26:34.760000,0.7990788,True,0.47,164,0.9670330470967541,3.4110609400539698e-12,0.032966952899834694
2023-02-22 10:25:51.840,4.26,PDGK,S,2023-02-22 10:27:06.970000,0.41583103,False,,164,0.9670330470967541,3.4110609400539698e-12,0.032966952899834694
2023-02-26 21:42:14.520,3.96,PDGK,P,2023-02-26 21:42:38.425000,0.9305736,True,0.115,164,0.9670330470967541,3.4110609400539698e-12,0.032966952899834694
2023-02-26 21:42:14.520,3.96,PDGK,S,2023-02-26 21:42:55.625000,0.47566763,True,0.265,164,0.9670330470967541,3.4110609400539698e-12,0.032966952899834694
2023-02-26 23:58:03.800,4.4,PDGK,P,2023-02-26 23:58:32.520000,0.90570563,True,0.25,164,0.9670330470967541,3.4110609400539698e-12,0.032966952899834694
2023-02-26 23:58:03.800,4.4,PDGK,S,2023-02-26 23:58:51.990000,0.49469456,False,,164,0.9670330470967541,3.4110609400539698e-12,0.032966952899834694
2023-04-05 01:37:25.800,4.03,PDGK,P,2023-04-05 01:38:22.620000,0.7618269,True,0.25,170,0.9999569598461829,3.2195629617823023e-15,4.304015381384426e-05
2023-04-05 01:37:25.800,4.03,PDGK,S,2023-04-05 01:38:34.790000,0.3173225,False,,170,0.9999569598461829,3.2195629617823023e-15,4.304015381384426e-05
2023-04-07 12:17:05.450,4.32,PDGK,P,2023-04-07 12:17:45.390000,0.69652843,False,,170,0.9999569598461829,3.2195629617823023e-15,4.304015381384426e-05
2023-04-07 12:17:05.450,4.32,PDGK,S,2023-04-07 12:18:15.480000,0.38221455,True,0.45,170,0.9999569598461829,3.2195629617823023e-15,4.304015381384426e-05
2023-04-07 15:44:04.430,2.96,PDGK,P,2023-04-07 15:44:43.420000,0.7497949,True,0.07,170,0.9999569598461829,3.2195629617823023e-15,4.304015381384426e-05
2023-04-07 15:44:04.430,2.96,PDGK,S,2023-04-07 15:45:13.090000,0.48787224,True,0.14,170,0.9999569598461829,3.2195629617823023e-15,4.304015381384426e-05
2023-04-11 17:08:22.650,3.29,PDGK,P,2023-04-11 17:08:47.660000,0.93969905,True,0.1,170,0.9999569598461829,3.2195629617823023e-15,4.304015381384426e-05
2023-04-17 14:34:16.060,4.14,PDGK,P,2023-04-17 14:34:57.625000,0.9256302,False,,171,0.999993703087464,2.707435271887912e-15,6.296912533259034e-06
2023-04-17 14:34:16.060,4.14,PDGK,S,2023-04-17 14:35:29.835000,0.4923555,False,,171,0.999993703087464,2.707435271887912e-15,6.296912533259034e-06
2023-04-24 14:13:04.540,4.4,PDGK,S,2023-04-24 14:13:21.940000,0.36653212,False,,172,0.999999385842682,6.449012912696546e-16,6.141573173616418e-07
2023-04-24 14:13:04.540,4.4,PDGK,P,2023-04-24 14:13:55.160000,0.8691718,True,0.14,172,0.999999385842682,6.449012912696546e-16,6.141573173616418e-07
2023-04-24 14:13:04.540,4.4,PDGK,S,2023-04-24 14:14:34.370000,0.43431962,False,,172,0.999999385842682,6.449012912696546e-16,6.141573173616418e-07
2023-04-24 14:13:04.540,4.4,PDGK,S,2023-04-24 14:14:38.240000,0.34958044,False,,172,0.999999385842682,6.449012912696546e-16,6.141573173616418e-07
2023-04-26 07:53:38.170,2.88,PDGK,P,2023-04-26 07:54:29.325000,0.48012412,True,-0.025,173,0.9999996967542325,2.9370741817111235e-17,3.032457675176947e-07
2023-04-26 07:53:38.170,2.88,PDGK,S,2023-04-26 07:54:35.245000,0.7317284,False,,173,0.9999996967542325,2.9370741817111235e-17,3.032457675176947e-07
2023-04-26 07:53:38.170,2.88,PDGK,S,2023-04-26 07:55:14.245000,0.31475562,False,,173,0.9999996967542325,2.9370741817111235e-17,3.032457675176947e-07
2023-05-02 04:46:22.380,4.3,PDGK,P,2023-05-02 04:47:57.930000,0.30067426,False,,173,0.9999996967542325,2.9370741817111235e-17,3.032457675176947e-07
2023-05-16 21:56:23.830,3.68,PDGK,P,2023-05-16 21:56:41.880000,0.90698165,True,0.11,175,0.9999998336559252,1.6111185566390168e-17,1.6634407483534286e-07
2023-05-16 21:56:23.830,3.68,PDGK,S,2023-05-16 21:56:55.240000,0.7586541,True,0.39,175,0.9999998336559252,1.6111185566390168e-17,1.6634407483534286e-07
2023-05-16 21:56:23.830,3.68,PDGK,S,2023-05-16 21:57:02.360000,0.64449286,False,,175,0.9999998336559252,1.6111185566390168e-17,1.6634407483534286e-07
2023-05-23 14:42:56.710,3.72,PDGK,P,2023-05-23 14:43:40.265000,0.89799094,True,0.385,176,0.999999584197323,3.5023527873966507e-17,4.1580267696654334e-07
2023-05-23 14:42:56.710,3.72,PDGK,S,2023-05-23 14:44:13.205000,0.4521231,False,,176,0.999999584197323,3.5023527873966507e-17,4.1580267696654334e-07
2023-05-23 15:18:04.270,4.47,PDGK,P,2023-05-23 15:18:31.165000,0.570801,False,,176,0.999999584197323,3.5023527873966507e-17,4.1580267696654334e-07
2023-05-23 15:18:04.270,4.47,PDGK,P,2023-05-23 15:18:47.235000,0.94160944,True,0.465,176,0.999999584197323,3.5023527873966507e-17,4.1580267696654334e-07
2023-05-23 15:18:04.270,4.47,PDGK,S,2023-05-23 15:19:20.485000,0.36781347,False,,176,0.999999584197323,3.5023527873966507e-17,4.1580267696654334e-07
2023-06-01 03:21:14.450,3.56,PDGK,P,2023-06-01 03:22:20.690000,0.31451213,False,,178,0.9999999549458355,6.0897610120386155e-18,4.50541645763509e-08
2023-06-01 03:21:14.450,3.56,PDGK,S,2023-06-01 03:22:27.510000,0.43106893,False,,178,0.9999999549458355,6.0897610120386155e-18,4.50541645763509e-08
2023-06-01 03:21:14.450,3.56,PDGK,P,2023-06-01 03:22:45.500000,0.69139826,False,,178,0.9999999549458355,6.0897610120386155e-18,4.50541645763509e-08
2023-06-13 20:17:57.750,3.56,PDGK,P,2023-06-13 20:18:31.510000,0.88568205,True,0.13,179,0.9999999851694,2.0045829409175394e-18,1.4830600010165327e-08
2023-06-13 20:17:57.750,3.56,PDGK,S,2023-06-13 20:18:59.650000,0.43895715,False,,179,0.9999999851694,2.0045829409175394e-18,1.4830600010165327e-08
2023-06-24 20:51:23.730,4.08,PDGK,P,2023-06-24 20:52:22.360000,0.92458785,False,,181,0.9999999983930354,1.5564186744781746e-19,1.606964447526419e-09
2023-06-30 10:33:07.350,4.23,PDGK,P,2023-06-30 10:33:47.170000,0.64246583,True,0.03,182,0.9999999909620725,1.2444564086478467e-18,9.0379274275019e-09
2023-06-30 10:33:07.350,4.23,PDGK,S,2023-06-30 10:34:16.700000,0.41275686,True,-0.17,182,0.9999999909620725,1.2444564086478467e-18,9.0379274275019e-09
2023-07-29 20:58:33.450,3.02,PDGK,P,2023-07-29 20:59:44.650000,0.51077545,True,0.45,186,0.9999999999860264,1.4673079035277534e-20,1.3973578597475505e-11
2023-09-04 11:48:01.640,3.52,PDGK,S,2023-09-04 11:48:23.480000,0.43392515,False,,191,0.9999999998204226,2.4726492645113524e-20,1.7957739986205751e-10
2023-09-04 11:48:01.640,3.52,PDGK,P,2023-09-04 11:49:01.560000,0.8069339,False,,191,0.9999999998204226,2.4726492645113524e-20,1.7957739986205751e-10
2023-09-07 19:26:22.430,3.95,PDGK,P,2023-09-07 19:27:26.560000,0.76155186,True,0.28,192,0.9999999999824853,1.839142107950299e-20,1.7514658467394657e-11
2023-09-07 19:26:22.430,3.95,PDGK,S,2023-09-07 19:27:37.890000,0.32248724,False,,192,0.9999999999824853,1.839142107950299e-20,1.7514658467394657e-11
2023-09-08 20:55:02.410,3.56,PDGK,P,2023-09-08 20:56:03.375000,0.7949043,True,0.195,192,0.9999999999824853,1.839142107950299e-20,1.7514658467394657e-11
2023-09-08 20:55:02.410,3.56,PDGK,S,2023-09-08 20:56:48.645000,0.5087238,True,0.395,192,0.9999999999824853,1.839142107950299e-20,1.7514658467394657e-11
2023-09-25 05:56:28.770,3.14,PDGK,P,2023-09-25 05:57:07.745000,0.8736509,True,0.075,194,0.999999999978383,1.6170367036749752e-21,2.1617067063362754e-11
2023-09-25 05:56:28.770,3.14,PDGK,S,2023-09-25 05:57:38.085000,0.30442595,False,,194,0.999999999978383,1.6170367036749752e-21,2.1617067063362754e-11
2023-10-07 05:09:31.470,4.36,PDGK,P,2023-10-07 05:10:15.215000,0.8331394,True,0.485,196,0.9999999997973958,1.7065568900536697e-20,2.0260406826865402e-10
2023-10-07 05:09:31.470,4.36,PDGK,S,2023-10-07 05:10:48.995000,0.49986327,False,,196,0.9999999997973958,1.7065568900536697e-20,2.0260406826865402e-10
2023-10-07 06:04:07.120,4.26,PDGK,P,2023-10-07 06:04:50.825000,0.8988695,True,0.315,196,0.9999999997973958,1.7065568900536697e-20,2.0260406826865402e-10
2023-10-07 06:04:07.120,4.26,PDGK,S,2023-10-07 06:05:24.325000,0.39166632,False,,196,0.9999999997973958,1.7065568900536697e-20,2.0260406826865402e-10
2023-10-07 16:15:59.380,4.1,PDGK,P,2023-10-07 16:16:42.920000,0.8976376,True,0.38,196,0.9999999997973958,1.7065568900536697e-20,2.0260406826865402e-10
2023-10-07 16:15:59.380,4.1,PDGK,S,2023-10-07 16:17:16.600000,0.5648844,False,,196,0.9999999997973958,1.7065568900536697e-20,2.0260406826865402e-10
2023-10-08 16:17:47.600,3.91,PDGK,P,2023-10-08 16:18:31.800000,0.85413355,True,0.41,196,0.9999999997973958,1.7065568900536697e-20,2.0260406826865402e-10
2023-10-08 16:17:47.600,3.91,PDGK,S,2023-10-08 16:19:05.600000,0.45148814,False,,196,0.9999999997973958,1.7065568900536697e-20,2.0260406826865402e-10
2023-10-24 03:50:36.750,4.13,PDGK,S,2023-10-24 03:50:44.730000,0.36843583,False,,198,0.9999999998332937,1.3222664112138134e-20,1.6670629488635373e-10
2023-10-24 03:50:36.750,4.13,PDGK,P,2023-10-24 03:51:36.210000,0.7396834,True,0.42,198,0.9999999998332937,1.3222664112138134e-20,1.6670629488635373e-10
2023-11-15 14:17:32.680,3.37,PDGK,P,2023-11-15 14:18:00.440000,0.8861205,True,0.11,202,0.9999999999997422,3.483823225828313e-23,2.577453205718031e-13
2023-11-15 14:17:32.680,3.37,PDGK,S,2023-11-15 14:18:20.890000,0.623246,True,0.16,202,0.9999999999997422,3.483823225828313e-23,2.577453205718031e-13
