event_time,event_mag,station,phase,pn_time,confidence,matched,residual
2023-09-08 17:24:38.390,4.99,AONC,P,2023-09-08 17:24:58.556858,0.6957479,True,0.056858
2023-09-08 17:24:38.390,4.99,BAKR,P,2023-09-08 17:24:56.994199,0.50826037,True,0.084199
2023-09-08 17:24:38.390,4.99,BAKR,S,2023-09-08 17:25:11.084199,0.5067858,False,
2023-09-08 17:24:38.390,4.99,BAYL,P,2023-09-08 17:25:03.504200,0.670313,False,
2023-09-08 17:24:38.390,4.99,BAYL,S,2023-09-08 17:25:24.644200,0.30062157,False,
2023-09-08 17:24:38.390,4.99,BCCR,P,2023-09-08 17:24:59.084200,0.73391974,True,0.1942
2023-09-08 17:24:38.390,4.99,BCCR,S,2023-09-08 17:25:15.004200,0.3816953,False,
2023-09-08 17:24:38.390,4.99,BIGV,P,2023-09-08 17:24:44.674200,0.83283746,True,0.0342
2023-09-08 17:24:38.390,4.99,BIGV,S,2023-09-08 17:24:49.534200,0.67062116,True,-0.0658
2023-09-08 17:24:38.390,4.99,BIGV,S,2023-09-08 17:25:16.634200,0.7014934,False,
2023-09-08 17:24:38.390,4.99,BJES,P,2023-09-08 17:25:32.270000,0.6552833,False,
2023-09-08 17:24:38.390,4.99,BLAS,P,2023-09-08 17:25:07.604201,0.6555678,True,0.034201
2023-09-08 17:24:38.390,4.99,BOYR,P,2023-09-08 17:25:12.014199,0.8008784,True,0.254199
2020-12-01 23:32:56.420,4.96,BUCR,P,2020-12-01 23:33:27.595000,0.4489671,True,-0.295
2020-12-01 23:32:56.420,4.96,BUCR,S,2020-12-01 23:33:50.585000,0.47561193,False,
2020-12-01 23:32:56.420,4.96,CGRV,P,2020-12-01 23:33:23.829200,0.73664844,False,
2020-12-01 23:32:56.420,4.96,CGRV,S,2020-12-01 23:33:43.959200,0.5920662,False,
2020-12-01 23:32:56.420,4.96,CMB,P,2020-12-01 23:33:28.614539,0.6104921,True,-0.035461
2020-12-01 23:32:56.420,4.96,HELL,P,2020-12-01 23:33:27.439200,0.6571715,False,
2020-12-01 23:32:56.420,4.96,HELL,S,2020-12-01 23:33:28.449200,0.3600955,False,
2020-12-01 23:32:56.420,4.96,HELL,S,2020-12-01 23:33:50.479200,0.5257287,False,
2020-12-01 23:32:56.420,4.96,KARE,P,2020-12-01 23:33:31.525000,0.6200784,True,0.105
2020-12-01 23:32:56.420,4.96,KARE,S,2020-12-01 23:33:33.205000,0.33369863,False,
2020-12-01 23:32:56.420,4.96,KARE,S,2020-12-01 23:33:58.405000,0.44843924,False,
2020-12-01 23:32:56.420,4.96,LEGD,P,2020-12-01 23:33:30.785000,0.5403453,True,-0.065
2020-12-01 23:32:56.420,4.96,OVRO,P,2020-12-01 23:33:15.421860,0.6933641,True,-0.02814
2020-12-01 23:32:56.420,4.96,OVRO,S,2020-12-01 23:33:29.281860,0.42682385,False,
2020-12-01 23:32:56.420,4.96,TOLH,P,2020-12-01 23:33:26.549200,0.7649832,True,0.1392
2020-12-01 23:32:56.420,4.96,TOLH,S,2020-12-01 23:33:48.619200,0.6434314,False,
2020-12-14 21:20:10.880,4.81,BUCR,P,2020-12-14 21:20:40.990000,0.7380806,True,-0.04
2020-12-14 21:20:10.880,4.81,BUCR,S,2020-12-14 21:20:44.260000,0.41948333,False,
2020-12-14 21:20:10.880,4.81,CGRV,P,2020-12-14 21:20:37.744200,0.5539794,False,
2020-12-14 21:20:10.880,4.81,CGRV,P,2020-12-14 21:20:56.484200,0.39526224,False,
2020-12-14 21:20:10.880,4.81,CGRV,S,2020-12-14 21:20:56.614200,0.35383767,False,
2020-12-14 21:20:10.880,4.81,CMB,P,2020-12-14 21:20:42.374538,0.5175427,False,
2020-12-14 21:20:10.880,4.81,CMB,S,2020-12-14 21:21:06.974538,0.3746822,False,
2020-12-14 21:20:10.880,4.81,HELL,P,2020-12-14 21:20:40.984200,0.7816361,True,0.0442
2020-12-14 21:20:10.880,4.81,HELL,S,2020-12-14 21:21:03.014200,0.48149422,False,
2020-12-14 21:20:10.880,4.81,KARE,P,2020-12-14 21:20:45.470000,0.33516464,False,
2020-12-14 21:20:10.880,4.81,KARE,P,2020-12-14 21:20:46.160000,0.31470793,True,0.07
2020-12-14 21:20:10.880,4.81,LEGD,P,2020-12-14 21:20:44.260000,0.53152186,False,
2020-12-14 21:20:10.880,4.81,LEGD,S,2020-12-14 21:21:10.130000,0.45238227,False,
2020-12-14 21:20:10.880,4.81,LIND,P,2020-12-14 21:20:45.550000,0.7538991,True,0.04
2020-12-14 21:20:10.880,4.81,OVRO,P,2020-12-14 21:20:28.976859,0.84934247,True,-0.013141
2020-12-14 21:20:10.880,4.81,OVRO,S,2020-12-14 21:20:42.376859,0.57056934,False,
2020-12-03 05:15:29.760,4.78,BUCR,P,2020-12-03 05:16:00.625000,0.69650745,True,-0.015
2020-12-03 05:15:29.760,4.78,BUCR,S,2020-12-03 05:16:02.895000,0.30099255,False,
2020-12-03 05:15:29.760,4.78,BUCR,S,2020-12-03 05:16:24.335000,0.47345018,False,
2020-12-03 05:15:29.760,4.78,CGRV,P,2020-12-03 05:15:57.299200,0.9093791,False,
2020-12-03 05:15:29.760,4.78,CMB,P,2020-12-03 05:16:01.979537,0.7193986,True,-0.000463
2020-12-03 05:15:29.760,4.78,CMB,S,2020-12-03 05:16:26.969537,0.5353091,False,
2020-12-03 05:15:29.760,4.78,HELL,P,2020-12-03 05:16:00.499199,0.7827918,True,0.029199
2020-12-03 05:15:29.760,4.78,HELL,S,2020-12-03 05:16:23.249199,0.53079003,False,
2020-12-03 05:15:29.760,4.78,KARE,P,2020-12-03 05:16:04.425000,0.45582402,False,
2020-12-03 05:15:29.760,4.78,LEGD,P,2020-12-03 05:16:04.105000,0.6228875,True,0.035
2020-12-03 05:15:29.760,4.78,LEGD,S,2020-12-03 05:16:30.845000,0.33597773,False,
2020-12-03 05:15:29.760,4.78,OVRO,S,2020-12-03 05:15:23.031860,0.44436988,False,
2020-12-03 05:15:29.760,4.78,OVRO,P,2020-12-03 05:15:48.531860,0.7024577,True,0.00186
2020-12-03 05:15:29.760,4.78,OVRO,S,2020-12-03 05:16:02.391860,0.49232814,False,
2020-12-03 05:15:29.760,4.78,TOLH,P,2020-12-03 05:15:59.979200,0.87524754,True,0.0692
2020-12-03 05:15:29.760,4.78,TOLH,S,2020-12-03 05:16:21.889200,0.6247385,False,
2020-05-15 11:25:43.060,4.78,CMB,P,2020-05-15 11:26:17.619536,0.82078195,False,
2020-05-15 11:25:43.060,4.78,CMB,P,2020-05-15 11:26:38.419536,0.8548062,False,
2020-05-15 11:25:43.060,4.78,CMB,S,2020-05-15 11:27:03.929536,0.34774366,False,
2020-05-15 11:25:43.060,4.78,KARE,P,2020-05-15 11:26:02.125000,0.83938044,False,
2020-05-15 11:25:43.060,4.78,KARE,P,2020-05-15 11:26:18.795000,0.5759839,True,-0.095
2020-05-15 11:25:43.060,4.78,KARE,P,2020-05-15 11:26:37.735000,0.7373724,False,
2020-05-15 11:25:43.060,4.78,KCC,P,2020-05-15 11:26:07.619538,0.4080795,True,-0.070462
2020-05-15 11:25:43.060,4.78,KCC,P,2020-05-15 11:26:25.529538,0.30517763,False,
2020-05-15 11:25:43.060,4.78,KCC,S,2020-05-15 11:26:47.259538,0.586067,False,
2020-05-15 11:25:43.060,4.78,LIND,P,2020-05-15 11:26:19.275000,0.77853596,True,-0.065
2020-05-15 11:25:43.060,4.78,LIND,P,2020-05-15 11:26:38.135000,0.36814597,False,
2020-05-15 11:25:43.060,4.78,LIND,S,2020-05-15 11:26:39.975000,0.390487,False,
2020-05-15 11:25:43.060,4.78,LIND,S,2020-05-15 11:27:06.965000,0.34611797,False,
2020-05-15 11:25:43.060,4.78,OVRO,P,2020-05-15 11:26:01.241860,0.70855904,True,0.08186
2020-05-15 11:25:43.060,4.78,OVRO,S,2020-05-15 11:26:14.641860,0.3874311,False,
2020-05-15 11:25:43.060,4.78,OVRO,P,2020-05-15 11:26:21.441860,0.92410636,False,
2020-05-15 11:25:43.060,4.78,OVRO,S,2020-05-15 11:26:35.601860,0.3573177,False,
2020-12-12 07:50:52.940,4.77,BUCR,P,2020-12-12 07:51:23.470000,0.43741524,False,
2020-12-12 07:50:52.940,4.77,BUCR,P,2020-12-12 07:51:24.520000,0.57795715,True,0.01
2020-12-12 07:50:52.940,4.77,BUCR,S,2020-12-12 07:51:30.770000,0.41311252,False,
2020-12-12 07:50:52.940,4.77,BUCR,S,2020-12-12 07:51:52.220000,0.5111829,False,
2020-12-12 07:50:52.940,4.77,CGRV,P,2020-12-12 07:51:20.134200,0.76733977,False,
2020-12-12 07:50:52.940,4.77,CGRV,S,2020-12-12 07:51:44.404200,0.3125839,False,
2020-12-12 07:50:52.940,4.77,CMB,P,2020-12-12 07:51:26.604537,0.75544095,False,
2020-12-12 07:50:52.940,4.77,CMB,P,2020-12-12 07:51:51.214537,0.37477112,False,
2020-12-12 07:50:52.940,4.77,CMB,S,2020-12-12 07:51:56.224537,0.41633818,False,
2020-12-12 07:50:52.940,4.77,HELL,P,2020-12-12 07:51:22.954200,0.45417416,False,
2020-12-12 07:50:52.940,4.77,HELL,S,2020-12-12 07:51:29.494200,0.7249918,False,
2020-12-12 07:50:52.940,4.77,HELL,S,2020-12-12 07:51:50.904200,0.42852473,False,
2020-12-12 07:50:52.940,4.77,KARE,S,2020-12-12 07:51:34.390000,0.5185275,False,
2020-12-12 07:50:52.940,4.77,KARE,S,2020-12-12 07:51:59.980000,0.4636048,False,
2020-12-12 07:50:52.940,4.77,LEGD,P,2020-12-12 07:51:26.650000,0.4875964,True,-0.07
2020-12-12 07:50:52.940,4.77,LEGD,S,2020-12-12 07:51:58.430000,0.38960528,False,
2020-12-12 07:50:52.940,4.77,LIND,P,2020-12-12 07:51:27.650000,0.4926337,True,-0.06
2020-12-12 07:50:52.940,4.77,LIND,S,2020-12-12 07:51:34.660000,0.69488394,False,
2020-12-12 07:50:52.940,4.77,LIND,P,2020-12-12 07:51:54.870000,0.617303,False,
2020-12-12 07:50:52.940,4.77,OVRO,P,2020-12-12 07:51:11.346860,0.7562357,True,0.01686
2020-12-12 07:50:52.940,4.77,OVRO,S,2020-12-12 07:51:30.286860,0.627075,False,
2020-03-21 01:33:36.220,4.71,BUCR,P,2020-03-21 01:34:02.395000,0.881039,True,-0.235
2020-03-21 01:33:36.220,4.71,BUCR,S,2020-03-21 01:34:21.565000,0.43151855,False,
2020-03-21 01:33:36.220,4.71,CMB,P,2020-03-21 01:33:57.384538,0.93927765,True,0.034538
2020-03-21 01:33:36.220,4.71,CMB,S,2020-03-21 01:34:12.784538,0.54254985,False,
2020-03-21 01:33:36.220,4.71,DANT,P,2020-03-21 01:34:11.681860,0.5992905,False,
2020-03-21 01:33:36.220,4.71,JEPS,S,2020-03-21 01:34:36.065000,0.54628444,False,
2020-03-21 01:33:36.220,4.71,KCC,P,2020-03-21 01:34:08.194538,0.87831146,True,0.064538
2020-03-21 01:33:36.220,4.71,KCC,S,2020-03-21 01:34:33.714538,0.66842973,False,
2020-03-21 01:33:36.220,4.71,ORV,P,2020-03-21 01:34:01.684538,0.8327984,True,0.104538
2020-03-21 01:33:36.220,4.71,QRDG,P,2020-03-21 01:34:10.795000,0.6447351,True,0.125
2020-03-21 01:33:36.220,4.71,QRDG,S,2020-03-21 01:34:18.075000,0.34116656,False,
2021-10-25 23:42:35.860,4.65,FORD,P,2021-10-25 23:42:54.701860,0.77396435,True,0.01186
2021-10-25 23:42:35.860,4.65,FORD,S,2021-10-25 23:43:10.231860,0.3120027,False,
2021-10-25 23:42:35.860,4.65,HAS2,P,2021-10-25 23:42:48.309200,0.9176193,True,0.2192
2021-10-25 23:42:35.860,4.65,HAS2,S,2021-10-25 23:42:57.259200,0.6481716,False,
2021-10-25 23:42:35.860,4.65,HULI,P,2021-10-25 23:42:41.451860,0.9331081,True,0.08186
2021-10-25 23:42:35.860,4.65,HULI,S,2021-10-25 23:42:45.641860,0.70058227,True,0.22186
2021-10-25 23:42:35.860,4.65,JRSC,P,2021-10-25 23:43:04.909538,0.4561877,True,0.059538
2021-10-25 23:42:35.860,4.65,KARE,P,2021-10-25 23:43:04.405000,0.66501737,False,
2021-07-08 23:33:40.900,4.63,BUCR,P,2021-07-08 23:33:58.260000,0.9211774,True,0.03
2021-07-08 23:33:40.900,4.63,BUCR,S,2021-07-08 23:35:27.130000,0.36404642,False,
2021-07-08 23:33:40.900,4.63,CMB,P,2021-07-08 23:33:55.759537,0.924037,True,-0.000463
2021-07-08 23:33:40.900,4.63,CMB,S,2021-07-08 23:34:06.319537,0.8317386,False,
2021-07-08 23:33:40.900,4.63,HELL,P,2021-07-08 23:34:14.314200,0.89442337,True,0.0042
2021-07-08 23:33:40.900,4.63,HELL,P,2021-07-08 23:34:38.534200,0.38732266,False,
2021-07-08 23:33:40.900,4.63,JEPS,P,2021-07-08 23:34:14.760000,0.8608466,True,0.06
2021-07-08 23:33:40.900,4.63,JEPS,S,2021-07-08 23:34:40.120000,0.39185715,False,
2021-07-08 23:33:40.900,4.63,KARE,P,2021-07-08 23:34:14.890000,0.80309355,True,0.09
2021-07-08 23:33:40.900,4.63,KARE,S,2021-07-08 23:34:39.600000,0.41565442,False,
2021-05-07 04:35:14.150,4.63,AONC,P,2021-05-07 04:35:40.201860,0.84570587,True,0.03186
2021-05-07 04:35:14.150,4.63,BCCR,P,2021-05-07 04:35:29.764200,0.4502287,False,
2021-05-07 04:35:14.150,4.63,BCCR,P,2021-05-07 04:35:35.254200,0.85658866,True,0.0942
2021-05-07 04:35:14.150,4.63,BDM,P,2021-05-07 04:35:47.389538,0.7688954,True,0.089538
2021-05-07 04:35:14.150,4.63,BUCR,P,2021-05-07 04:35:45.020000,0.88865244,True,0.07
2021-05-07 04:35:14.150,4.63,CMB,P,2021-05-07 04:35:39.049537,0.89134645,True,0.069537
2021-05-07 04:35:14.150,4.63,CMB,P,2021-05-07 04:35:57.699537,0.33110395,False,
2021-05-07 04:35:14.150,4.63,DANT,P,2021-05-07 04:35:39.421860,0.7510835,True,0.14186
2021-05-07 04:35:14.150,4.63,EAGL,P,2021-05-07 04:35:36.064199,0.90854543,True,0.054199
2021-05-07 04:35:14.150,4.63,EAGL,S,2021-05-07 04:35:52.644199,0.41945863,False,
2021-05-07 04:35:14.150,4.63,GTSB,P,2021-05-07 04:35:45.204199,0.78877157,True,0.104199
2021-05-07 04:35:14.150,4.63,GTSB,S,2021-05-07 04:36:08.614199,0.46565253,False,
2021-07-09 01:46:00.400,4.55,BUCR,S,2021-07-09 01:45:53.500000,0.34467077,False,
2021-07-09 01:46:00.400,4.55,BUCR,S,2021-07-09 01:46:12.440000,0.5348035,False,
2021-07-09 01:46:00.400,4.55,BUCR,P,2021-07-09 01:46:18.210000,0.913044,True,0.05
2021-07-09 01:46:00.400,4.55,BUCR,S,2021-07-09 01:46:30.850000,0.732064,False,
2021-07-09 01:46:00.400,4.55,BUCR,P,2021-07-09 01:47:29.960000,0.7175024,False,
2021-07-09 01:46:00.400,4.55,CMB,P,2021-07-09 01:46:15.529541,0.9267753,True,0.009541
2021-07-09 01:46:00.400,4.55,CMB,P,2021-07-09 01:46:26.329541,0.37599877,False,
2021-07-09 01:46:00.400,4.55,CMB,S,2021-07-09 01:46:26.379541,0.5332865,False,
2021-07-09 01:46:00.400,4.55,CMB,P,2021-07-09 01:47:14.769541,0.91206145,False,
2021-07-09 01:46:00.400,4.55,CMB,S,2021-07-09 01:47:25.609541,0.68613386,False,
2021-07-09 01:46:00.400,4.55,HELL,S,2021-07-09 01:46:05.114200,0.74683225,False,
2021-07-09 01:46:00.400,4.55,HELL,P,2021-07-09 01:46:34.094200,0.7679882,True,-0.0758
2021-07-09 01:46:00.400,4.55,HELL,S,2021-07-09 01:46:58.644200,0.5813601,False,
2021-07-09 01:46:00.400,4.55,JEPS,P,2021-07-09 01:46:34.260000,0.77832425,True,0.08
2021-07-09 01:46:00.400,4.55,KARE,P,2021-07-09 01:46:34.750000,0.95138687,True,0.04
2020-04-11 16:22:50.940,4.55,BUCR,P,2020-04-11 16:23:12.320000,0.7265299,True,-0.12
2020-04-11 16:22:50.940,4.55,BUCR,P,2020-04-11 16:23:13.470000,0.3832711,False,
2020-04-11 16:22:50.940,4.55,BUCR,S,2020-04-11 16:23:27.500000,0.66295195,False,
2020-04-11 16:22:50.940,4.55,CMB,P,2020-04-11 16:23:14.574538,0.7988353,True,0.084538
2020-04-11 16:22:50.940,4.55,CMB,S,2020-04-11 16:23:31.554538,0.37949196,False,
2020-04-11 16:22:50.940,4.55,KARE,P,2020-04-11 16:23:19.860000,0.8289559,True,-0.01
2020-04-11 16:22:50.940,4.55,KARE,S,2020-04-11 16:23:41.220000,0.4938796,False,
2020-04-11 16:22:50.940,4.55,KCC,P,2020-04-11 16:23:06.854538,0.80820525,True,0.034538
2020-04-11 16:22:50.940,4.55,KCC,S,2020-04-11 16:23:18.204538,0.67466366,False,
2020-04-11 16:22:50.940,4.55,LIND,P,2020-04-11 16:23:22.170000,0.8063582,True,0.15
2020-04-11 16:22:50.940,4.55,LIND,S,2020-04-11 16:23:44.630000,0.3989029,False,
2020-04-11 16:22:50.940,4.55,OVRO,P,2020-04-11 16:23:08.336860,0.8413341,True,0.05686
2020-04-11 16:22:50.940,4.55,OVRO,S,2020-04-11 16:23:21.516860,0.65407157,False,
2020-05-15 11:18:14.480,4.54,CMB,P,2020-05-15 11:18:47.654537,0.5860106,False,
2020-05-15 11:18:14.480,4.54,KARE,S,2020-05-15 11:18:24.780000,0.35604268,False,
2020-05-15 11:18:14.480,4.54,KARE,P,2020-05-15 11:18:49.020000,0.8897384,False,
2020-05-15 11:18:14.480,4.54,KCC,P,2020-05-15 11:18:38.014538,0.703405,False,
2020-05-15 11:18:14.480,4.54,KCC,S,2020-05-15 11:18:55.784538,0.58519316,False,
2020-05-15 11:18:14.480,4.54,LIND,S,2020-05-15 11:18:25.100000,0.37578398,False,
2020-05-15 11:18:14.480,4.54,LIND,P,2020-05-15 11:18:49.470000,0.7070337,True,0.04
2020-05-15 11:18:14.480,4.54,OVRO,P,2020-05-15 11:18:31.176860,0.82470155,False,
2020-05-15 11:18:14.480,4.54,OVRO,S,2020-05-15 11:18:44.916860,0.33864248,False,
2023-09-19 04:13:10.380,4.53,AASB,P,2023-09-19 04:13:27.724200,0.79870784,True,0.0842
2023-09-19 04:13:10.380,4.53,AASB,S,2023-09-19 04:13:41.254200,0.57105815,False,
2023-09-19 04:13:10.380,4.53,ADAM,P,2023-09-19 04:13:36.084201,0.58168554,True,0.104201
2023-09-19 04:13:10.380,4.53,ALVW,P,2023-09-19 04:13:24.564200,0.8584802,True,0.0242
2023-09-19 04:13:10.380,4.53,ALVW,S,2023-09-19 04:13:26.594200,0.49453825,False,
2023-09-19 04:13:10.380,4.53,BKS,P,2023-09-19 04:13:26.824539,0.5677213,True,-0.265461
2023-09-19 04:13:10.380,4.53,BKS,S,2023-09-19 04:13:40.304539,0.39239582,False,
2023-09-19 04:13:10.380,4.53,BLUE,P,2023-09-19 04:13:30.954199,0.7749548,True,0.084199
2023-09-19 04:13:10.380,4.53,BLUE,S,2023-09-19 04:13:46.204199,0.39672825,False,
2020-05-15 11:52:06.890,4.5,CMB,S,2020-05-15 11:52:14.404536,0.5209252,False,
2020-05-15 11:52:06.890,4.5,CMB,P,2020-05-15 11:52:42.114536,0.82437843,True,-0.005464
2020-05-15 11:52:06.890,4.5,CMB,S,2020-05-15 11:53:06.524536,0.5400945,False,
2020-05-15 11:52:06.890,4.5,KARE,S,2020-05-15 11:52:16.780000,0.37369967,False,
2020-05-15 11:52:06.890,4.5,KARE,P,2020-05-15 11:52:41.320000,0.63396525,True,-0.03
2020-05-15 11:52:06.890,4.5,KCC,P,2020-05-15 11:52:32.064537,0.7530626,True,0.034537
2020-05-15 11:52:06.890,4.5,KCC,S,2020-05-15 11:52:49.714537,0.59728295,False,
2020-05-15 11:52:06.890,4.5,LIND,P,2020-05-15 11:52:41.790000,0.7353052,True,0.09
2020-05-15 11:52:06.890,4.5,LIND,S,2020-05-15 11:52:43.800000,0.35677034,False,
2020-05-15 11:52:06.890,4.5,LIND,S,2020-05-15 11:53:09.720000,0.38190308,False,
2020-05-15 11:52:06.890,4.5,OVRO,P,2020-05-15 11:52:25.446859,0.92866933,True,0.016859
2020-05-15 11:52:06.890,4.5,OVRO,S,2020-05-15 11:52:38.986859,0.6177367,False,
2023-06-03 12:01:18.960,4.45,AASB,P,2023-06-03 12:01:42.099200,0.62100315,True,0.1492
2023-06-03 12:01:18.960,4.45,ADAM,P,2023-06-03 12:01:26.119200,0.5387686,True,0.0392
2023-06-03 12:01:18.960,4.45,AONC,P,2023-06-03 12:01:44.341860,0.46756506,True,-0.13814
2023-06-03 12:01:18.960,4.45,BCCR,P,2023-06-03 12:01:44.049200,0.45765215,False,
2022-08-08 20:44:14.110,4.45,AASB,P,2022-08-08 20:44:38.429200,0.88730323,True,0.0192
2022-08-08 20:44:14.110,4.45,AASB,S,2022-08-08 20:44:56.319200,0.32901573,False,
2022-08-08 20:44:14.110,4.45,BLUE,P,2022-08-08 20:44:28.209200,0.91589934,True,0.0292
2022-08-08 20:44:14.110,4.45,BLUE,S,2022-08-08 20:44:38.319200,0.5323976,False,
2022-08-08 20:44:14.110,4.45,BUCR,P,2022-08-08 20:44:33.675000,0.9163347,True,0.045
2022-08-08 20:44:14.110,4.45,BUCR,S,2022-08-08 20:44:47.545000,0.7539428,False,
2022-08-08 20:44:14.110,4.45,CGRV,P,2022-08-08 20:44:47.619199,0.8123622,False,
2022-08-08 20:44:14.110,4.45,CGRV,P,2022-08-08 20:45:13.489199,0.7432313,False,
2022-08-08 20:44:14.110,4.45,CMB,P,2022-08-08 20:44:31.029538,0.9473475,True,0.009538
2022-08-08 20:44:14.110,4.45,CMB,S,2022-08-08 20:44:43.099538,0.5831529,False,
2022-08-08 20:44:14.110,4.45,DRDG,P,2022-08-08 20:44:25.149200,0.94532835,True,0.0292
2022-08-08 20:44:14.110,4.45,DRDG,S,2022-08-08 20:44:33.149200,0.7792684,False,
2022-08-08 20:44:14.110,4.45,HELL,P,2022-08-08 20:44:48.529201,0.92660934,True,0.049201
2022-08-08 20:44:14.110,4.45,HELL,P,2022-08-08 20:45:14.229201,0.621313,False,
2022-08-08 20:44:14.110,4.45,JEPS,P,2022-08-08 20:44:49.305000,0.6330718,True,0.235
2022-08-08 20:44:14.110,4.45,JEPS,S,2022-08-08 20:45:16.055000,0.42399868,False,
2023-04-12 05:39:51.750,4.43,AASB,P,2023-04-12 05:40:15.604199,0.7106341,True,0.074199
2023-04-12 05:39:51.750,4.43,ADAM,P,2023-04-12 05:39:59.664200,0.42339975,True,0.0442
2023-04-12 05:39:51.750,4.43,BCCR,P,2023-04-12 05:40:14.964199,0.48787338,True,0.314199
2023-04-04 22:23:17.820,4.41,AASB,P,2023-04-04 22:23:44.869200,0.8725715,True,0.0692
2023-04-04 22:23:17.820,4.41,BKS,P,2023-04-04 22:23:40.234538,0.6224398,True,0.094538
2023-04-04 22:23:17.820,4.41,BKS,S,2023-04-04 22:24:01.694538,0.47403777,False,
2023-04-04 22:23:17.820,4.41,BLUE,P,2023-04-04 22:23:47.339200,0.86233807,True,0.0992
2023-04-04 22:23:17.820,4.41,BRIB,P,2023-04-04 22:23:40.339200,0.7171668,True,0.1292
2023-04-04 22:23:17.820,4.41,BRIB,S,2023-04-04 22:24:01.749200,0.3049271,False,
2021-07-09 00:27:46.560,4.41,BUCR,P,2021-07-09 00:28:04.075000,0.8611277,True,0.025
2021-07-09 00:27:46.560,4.41,BUCR,P,2021-07-09 00:28:16.535000,0.4742343,False,
2021-07-09 00:27:46.560,4.41,CMB,P,2021-07-09 00:28:01.709533,0.93147266,True,-0.020467
2021-07-09 00:27:46.560,4.41,CMB,S,2021-07-09 00:28:12.499533,0.69798154,True,-0.150467
2021-07-09 00:27:46.560,4.41,HELL,P,2021-07-09 00:28:20.059200,0.91719115,True,-0.0408
2021-07-09 00:27:46.560,4.41,HELL,P,2021-07-09 00:28:43.929200,0.31308737,False,
2021-07-09 00:27:46.560,4.41,HELL,S,2021-07-09 00:28:43.939200,0.3390718,False,
2021-07-09 00:27:46.560,4.41,JEPS,P,2021-07-09 00:28:20.735000,0.90107477,True,0.105
2021-07-09 00:27:46.560,4.41,JEPS,S,2021-07-09 00:28:46.305000,0.4019077,False,
2021-07-09 00:27:46.560,4.41,KARE,P,2021-07-09 00:28:20.495000,0.9203827,True,0.045
2021-07-09 00:27:46.560,4.41,KARE,S,2021-07-09 00:28:45.005000,0.3629229,False,
2020-02-01 18:36:54.340,4.41,BUCR,P,2020-02-01 18:37:13.780000,0.8360662,True,0.08
2020-02-01 18:36:54.340,4.41,BUCR,S,2020-02-01 18:37:27.140000,0.5640976,True,0.02
2020-02-01 18:36:54.340,4.41,CMB,P,2020-02-01 18:37:18.174536,0.8570878,True,0.064536
2020-02-01 18:36:54.340,4.41,CMB,S,2020-02-01 18:37:35.654536,0.41555816,False,
2020-02-01 18:36:54.340,4.41,KARE,P,2020-02-01 18:37:15.060000,0.9115516,True,0.05
2020-02-01 18:36:54.340,4.41,KARE,S,2020-02-01 18:37:30.170000,0.7237426,False,
2020-02-01 18:36:54.340,4.41,KCC,P,2020-02-01 18:37:03.454538,0.92551136,True,0.024538
2020-02-01 18:36:54.340,4.41,KCC,S,2020-02-01 18:37:09.904538,0.7607621,True,0.034538
2020-02-01 18:36:54.340,4.41,LEGD,P,2020-02-01 18:37:15.020000,0.9170182,True,0.02
2020-02-01 18:36:54.340,4.41,LEGD,S,2020-02-01 18:37:29.800000,0.6316898,False,
2020-02-01 18:36:54.340,4.41,LIND,P,2020-02-01 18:37:17.030000,0.4924434,True,0.06
2020-02-01 18:36:54.340,4.41,LIND,S,2020-02-01 18:37:32.970000,0.7052685,False,
2022-09-14 01:39:38.730,4.39,AASB,P,2022-09-14 01:40:00.484200,0.7357328,True,-0.0958
2022-09-14 01:39:38.730,4.39,AASB,S,2022-09-14 01:40:17.694200,0.6095642,False,
2022-09-14 01:39:38.730,4.39,ADAM,P,2022-09-14 01:39:47.414200,0.9360421,True,0.0442
2022-09-14 01:39:38.730,4.39,ADAM,S,2022-09-14 01:39:54.254200,0.8025538,False,
2022-09-14 01:39:38.730,4.39,ADAM,P,2022-09-14 01:40:29.044200,0.93841887,False,
2022-09-14 01:39:38.730,4.39,ADAM,S,2022-09-14 01:40:35.754200,0.7815103,False,
2022-09-14 01:39:38.730,4.39,AONC,P,2022-09-14 01:40:13.506860,0.3028578,False,
2022-09-14 01:39:38.730,4.39,BAKR,P,2022-09-14 01:40:10.124200,0.42610824,False,
2022-09-14 01:39:38.730,4.39,BCCR,P,2022-09-14 01:40:03.994199,0.66578174,True,0.074199
2022-09-14 01:39:38.730,4.39,BKS,P,2022-09-14 01:39:52.414538,0.6348207,True,0.054538
2022-09-14 01:39:38.730,4.39,BKS,P,2022-09-14 01:40:34.704538,0.8007482,False,
2022-09-14 01:39:38.730,4.39,BKS,S,2022-09-14 01:40:44.924538,0.31580722,False,
2022-09-14 01:39:38.730,4.39,BKS,S,2022-09-14 01:40:46.004538,0.32309422,False,
2020-12-06 15:03:33.260,4.39,AONC,P,2020-12-06 15:03:55.321860,0.8506521,False,
2020-12-06 15:03:33.260,4.39,AONC,S,2020-12-06 15:04:04.591860,0.36880976,False,
2020-12-06 15:03:33.260,4.39,BARR,P,2020-12-06 15:03:39.255000,0.8247358,True,0.035
2020-12-06 15:03:33.260,4.39,BARR,S,2020-12-06 15:03:44.635000,0.60028154,True,-0.005
2020-12-06 15:03:33.260,4.39,BCCR,P,2020-12-06 15:03:56.129200,0.7434379,False,
2020-12-06 15:03:33.260,4.39,BDM,P,2020-12-06 15:03:58.799538,0.40195352,False,
2020-12-06 15:03:33.260,4.39,BKS,P,2020-12-06 15:03:56.229538,0.4667887,True,0.329538
2020-12-06 15:03:33.260,4.39,BL67,P,2020-12-06 15:03:56.719538,0.46807903,True,0.039538
2020-12-06 15:03:33.260,4.39,BONV,P,2020-12-06 15:03:38.381860,0.79499185,True,0.08186
2020-12-06 15:03:33.260,4.39,BONV,S,2020-12-06 15:03:42.491860,0.62636065,True,-0.23814
2021-08-27 04:47:44.690,4.37,AASB,P,2021-08-27 04:48:10.594200,0.517018,True,0.4542
2021-08-27 04:47:44.690,4.37,AASB,S,2021-08-27 04:48:29.064200,0.40700537,False,
2021-08-27 04:47:44.690,4.37,BLUE,P,2021-08-27 04:47:59.904200,0.6455266,True,0.2242
2021-08-27 04:47:44.690,4.37,BLUE,S,2021-08-27 04:48:11.154200,0.3733897,False,
2021-08-27 04:47:44.690,4.37,BUCR,P,2021-08-27 04:48:04.860000,0.7144347,True,0.02
2021-08-27 04:47:44.690,4.37,BUCR,S,2021-08-27 04:48:19.600000,0.4903287,False,
2021-08-27 04:47:44.690,4.37,CMB,P,2021-08-27 04:48:02.494537,0.7110424,True,0.144537
2021-08-27 04:47:44.690,4.37,CMB,S,2021-08-27 04:48:15.464537,0.40111172,False,
2021-08-27 04:47:44.690,4.37,DRDG,P,2021-08-27 04:47:56.454200,0.48224884,True,0.1242
2021-08-27 04:47:44.690,4.37,DRDG,S,2021-08-27 04:48:05.014200,0.391485,False,
2021-08-27 04:47:44.690,4.37,HELL,P,2021-08-27 04:48:20.324200,0.49909672,True,0.2842
2021-08-27 04:47:44.690,4.37,HELL,P,2021-08-27 04:48:45.854200,0.37716278,False,
2022-01-22 22:40:11.310,4.36,BLUE,P,2022-01-22 22:40:40.399200,0.80031407,True,0.0192
2022-01-22 22:40:11.310,4.36,BLUE,S,2022-01-22 22:41:01.789200,0.5711543,False,
2022-01-22 22:40:11.310,4.36,BUCR,P,2022-01-22 22:40:39.245000,0.87179136,True,0.015
2022-01-22 22:40:11.310,4.36,BUCR,S,2022-01-22 22:40:59.445000,0.7129133,False,
2022-01-22 22:40:11.310,4.36,DRDG,P,2022-01-22 22:40:35.829200,0.8381344,True,0.1392
2022-01-22 22:40:11.310,4.36,DRDG,S,2022-01-22 22:40:52.679200,0.52498394,False,
2022-01-22 22:40:11.310,4.36,HELL,P,2022-01-22 22:40:41.569200,0.93627644,True,0.0292
2022-01-22 22:40:11.310,4.36,HELL,S,2022-01-22 22:41:03.599200,0.50770813,False,
2022-01-22 22:40:11.310,4.36,KARE,P,2022-01-22 22:40:44.875000,0.88224036,True,-0.075
2022-01-22 22:40:11.310,4.36,KARE,S,2022-01-22 22:41:10.945000,0.5500043,False,
2022-01-22 22:40:11.310,4.36,LEGD,P,2022-01-22 22:40:42.885000,0.7828836,True,0.055
2022-01-22 22:40:11.310,4.36,LEGD,P,2022-01-22 22:41:06.955000,0.31871843,False,
2022-01-22 22:40:11.310,4.36,LEGD,S,2022-01-22 22:41:07.125000,0.30516237,False,
2023-06-18 03:44:59.090,4.35,AASB,P,2023-06-18 03:45:26.634199,0.7704828,True,0.224199
2023-06-18 03:44:59.090,4.35,ADAM,P,2023-06-18 03:45:12.934200,0.656234,True,0.1342
2023-06-18 03:44:59.090,4.35,AONC,P,2023-06-18 03:45:20.326860,0.7039688,True,0.01686
2023-06-18 03:44:59.090,4.35,BCCR,P,2023-06-18 03:45:21.134199,0.86858696,True,0.124199
2021-07-09 05:10:35.790,4.34,BUCR,P,2021-07-09 05:10:54.010000,0.9100095,True,0.08
2021-07-09 05:10:35.790,4.34,BUCR,S,2021-07-09 05:11:07.140000,0.7885972,False,
2021-07-09 05:10:35.790,4.34,CMB,P,2021-07-09 05:10:51.264540,0.8678521,True,-0.01546
2021-07-09 05:10:35.790,4.34,CMB,S,2021-07-09 05:11:02.394540,0.8407994,False,
2021-07-09 05:10:35.790,4.34,HELL,P,2021-07-09 05:11:09.764199,0.57740146,True,-0.005801
2021-07-09 05:10:35.790,4.34,HELL,P,2021-07-09 05:11:34.884199,0.8231019,False,
2021-07-09 05:10:35.790,4.34,JEPS,P,2021-07-09 05:11:09.500000,0.7203988,True,0.12
2021-07-09 05:10:35.790,4.34,JEPS,S,2021-07-09 05:11:35.420000,0.5301044,False,
2021-07-09 05:10:35.790,4.34,KARE,P,2021-07-09 05:11:10.600000,0.896498,True,0.04
2020-05-31 01:07:15.780,4.34,CMB,P,2020-05-31 01:07:39.264539,0.7388633,True,0.114539
2020-05-31 01:07:15.780,4.34,CMB,S,2020-05-31 01:07:55.934539,0.50317097,False,
2020-05-31 01:07:15.780,4.34,KARE,P,2020-05-31 01:07:44.580000,0.9040584,True,0.03
2020-05-31 01:07:15.780,4.34,KARE,S,2020-05-31 01:08:05.490000,0.36524126,False,
2020-05-31 01:07:15.780,4.34,KCC,P,2020-05-31 01:07:31.664538,0.9223076,True,-0.005462
2020-05-31 01:07:15.780,4.34,KCC,S,2020-05-31 01:07:42.724538,0.7300669,False,
2020-05-31 01:07:15.780,4.34,LEGD,P,2020-05-31 01:07:41.230000,0.9355669,True,0.02
2020-05-31 01:07:15.780,4.34,LEGD,S,2020-05-31 01:07:59.590000,0.42203966,False,
2020-05-31 01:07:15.780,4.34,LIND,P,2020-05-31 01:07:46.880000,0.9153788,True,0.05
2020-05-31 01:07:15.780,4.34,LIND,S,2020-05-31 01:08:08.870000,0.332481,False,
2020-05-31 01:07:15.780,4.34,OVRO,P,2020-05-31 01:07:33.076860,0.9033426,True,0.02686
2020-05-31 01:07:15.780,4.34,OVRO,S,2020-05-31 01:07:45.886860,0.4486735,False,
2023-09-08 17:25:05.950,4.33,AONC,P,2023-09-08 17:24:58.551858,0.66125655,False,
2023-09-08 17:25:05.950,4.33,BAKR,S,2023-09-08 17:25:11.054200,0.5174429,False,
2023-09-08 17:25:05.950,4.33,BAYL,P,2023-09-08 17:25:03.554200,0.7026927,False,
2023-09-08 17:25:05.950,4.33,BAYL,S,2023-09-08 17:25:24.664200,0.3311069,False,
2023-09-08 17:25:05.950,4.33,BCCR,P,2023-09-08 17:24:59.144200,0.73983985,False,
2023-09-08 17:25:05.950,4.33,BCCR,S,2023-09-08 17:25:15.034200,0.32347524,False,
2023-09-08 17:25:05.950,4.33,BIGV,S,2023-09-08 17:25:16.634200,0.6749909,True,-0.2058
2023-09-08 17:25:05.950,4.33,BIGV,P,2023-09-08 17:26:48.414200,0.51147753,False,
2023-09-08 17:25:05.950,4.33,BIGV,S,2023-09-08 17:26:53.044200,0.77088183,False,
2023-09-08 17:25:05.950,4.33,BJES,P,2023-09-08 17:25:32.250000,0.5102211,False,
2023-09-08 17:25:05.950,4.33,BLAS,P,2023-09-08 17:25:07.664201,0.59505177,False,
2023-09-08 17:25:05.950,4.33,BOYR,P,2023-09-08 17:25:12.014199,0.85079783,False,
2022-10-20 07:55:16.770,4.32,ADAM,P,2022-10-20 07:55:46.349200,0.52440786,False,
2022-10-20 07:55:16.770,4.32,AONC,P,2022-10-20 07:55:36.401860,0.83538765,True,0.09186
2022-10-20 07:55:16.770,4.32,BAKR,P,2022-10-20 07:55:31.529200,0.8577106,True,0.0392
2022-10-20 07:55:16.770,4.32,BCCR,P,2022-10-20 07:55:39.689200,0.8665864,True,0.0292
2022-10-20 07:55:16.770,4.32,BIGV,P,2022-10-20 07:55:46.739200,0.89983743,True,0.0892
2022-10-20 07:55:16.770,4.32,BJES,S,2022-10-20 07:55:31.905000,0.3396902,True,-0.025
2022-10-20 07:55:16.770,4.32,BLAS,P,2022-10-20 07:55:22.439200,0.9765113,True,0.0292
2022-10-20 07:55:16.770,4.32,BLAS,S,2022-10-20 07:55:27.149200,0.7873286,True,-0.0508
2021-01-02 14:42:23.790,4.32,BDM,P,2021-01-02 14:42:49.114537,0.55468214,True,0.094537
2021-01-02 14:42:23.790,4.32,BKS,P,2021-01-02 14:42:49.654538,0.4650952,True,0.354538
2021-01-02 14:42:23.790,4.32,BL67,P,2021-01-02 14:42:49.814537,0.4542405,False,
2021-01-02 14:42:23.790,4.32,BRIB,P,2021-01-02 14:42:50.080000,0.7272482,True,0.31
2021-01-02 14:42:23.790,4.32,BRIB,S,2021-01-02 14:43:14.950000,0.4534783,False,
2021-01-02 14:42:23.790,4.32,BRK,P,2021-01-02 14:42:49.354538,0.51151776,True,-0.055462
2021-01-02 14:42:23.790,4.32,BUCR,P,2021-01-02 14:42:49.050000,0.4958899,False,
2021-01-02 14:42:23.790,4.32,BUCR,S,2021-01-02 14:43:06.780000,0.3599034,False,
2021-01-02 14:42:23.790,4.32,CMB,P,2021-01-02 14:42:51.474536,0.64187706,True,0.084536
2021-01-02 14:42:23.790,4.32,CMB,P,2021-01-02 14:42:52.154536,0.4058345,False,
2020-05-17 21:47:43.790,4.32,CMB,P,2020-05-17 21:48:16.764539,0.88255864,True,-0.015461
2020-05-17 21:47:43.790,4.32,KARE,P,2020-05-17 21:48:18.930000,0.8284212,True,-0.17
2020-05-17 21:47:43.790,4.32,KARE,S,2020-05-17 21:48:45.210000,0.34049428,False,
2020-05-17 21:47:43.790,4.32,KCC,P,2020-05-17 21:48:08.664538,0.81360763,True,-0.025462
2020-05-17 21:47:43.790,4.32,KCC,S,2020-05-17 21:48:29.034538,0.33986682,False,
2020-05-17 21:47:43.790,4.32,OVRO,P,2020-05-17 21:48:02.636859,0.7614206,False,
2020-05-17 21:47:43.790,4.32,OVRO,S,2020-05-17 21:48:16.166859,0.58485746,False,
2021-07-08 22:59:45.260,4.31,BUCR,S,2021-07-08 22:59:39.175000,0.3398357,False,
2021-07-08 22:59:45.260,4.31,BUCR,S,2021-07-08 22:59:47.295000,0.5126587,False,
2021-07-08 22:59:45.260,4.31,BUCR,P,2021-07-08 23:00:03.425000,0.92603916,True,0.015
2021-07-08 22:59:45.260,4.31,BUCR,P,2021-07-08 23:00:16.175000,0.3783498,False,
2021-07-08 22:59:45.260,4.31,BUCR,S,2021-07-08 23:00:16.245000,0.41009766,False,
2021-07-08 22:59:45.260,4.31,BUCR,S,2021-07-08 23:00:39.575000,0.55065,False,
2021-07-08 22:59:45.260,4.31,BUCR,S,2021-07-08 23:01:13.645000,0.4726974,False,
2021-07-08 22:59:45.260,4.31,BUCR,P,2021-07-08 23:01:19.575000,0.8884912,False,
2021-07-08 22:59:45.260,4.31,BUCR,S,2021-07-08 23:01:32.425000,0.71300304,False,
2021-07-08 22:59:45.260,4.31,CMB,S,2021-07-08 22:59:43.289537,0.6375172,False,
2021-07-08 22:59:45.260,4.31,CMB,P,2021-07-08 23:00:00.909537,0.92489254,True,0.019537
2021-07-08 22:59:45.260,4.31,CMB,S,2021-07-08 23:00:12.029537,0.9055682,False,
2021-07-08 22:59:45.260,4.31,CMB,P,2021-07-08 23:01:16.979537,0.3390811,False,
2021-07-08 22:59:45.260,4.31,CMB,S,2021-07-08 23:01:28.149537,0.8634664,False,
2021-07-08 22:59:45.260,4.31,HELL,S,2021-07-08 22:59:52.839200,0.76321733,False,
2021-07-08 22:59:45.260,4.31,HELL,S,2021-07-08 23:00:15.049200,0.51699865,False,
2021-07-08 22:59:45.260,4.31,HELL,P,2021-07-08 23:00:19.549200,0.58469874,True,0.0092
2021-07-08 22:59:45.260,4.31,HELL,P,2021-07-08 23:00:43.679200,0.6190857,False,
2021-07-08 22:59:45.260,4.31,JEPS,P,2021-07-08 23:00:19.975000,0.82988065,False,
2021-07-08 22:59:45.260,4.31,JEPS,S,2021-07-08 23:00:45.865000,0.70595026,False,
2021-07-08 22:59:45.260,4.31,KARE,S,2021-07-08 22:59:53.875000,0.81831163,False,
2021-07-08 22:59:45.260,4.31,KARE,P,2021-07-08 23:00:15.585000,0.34765345,False,
2021-07-08 22:59:45.260,4.31,KARE,P,2021-07-08 23:00:19.885000,0.8419225,True,0.035
2021-07-08 22:59:45.260,4.31,KARE,S,2021-07-08 23:00:44.985000,0.40870994,False,
2020-05-16 23:27:14.430,4.31,CMB,P,2020-05-16 23:27:46.834541,0.9381432,True,0.014541
2020-05-16 23:27:14.430,4.31,CMB,S,2020-05-16 23:28:11.844541,0.5017444,False,
2020-05-16 23:27:14.430,4.31,KARE,P,2020-05-16 23:27:48.900000,0.72549516,False,
2020-05-16 23:27:14.430,4.31,KARE,S,2020-05-16 23:28:15.030000,0.37439,False,
2020-05-16 23:27:14.430,4.31,KCC,P,2020-05-16 23:27:38.764538,0.8285279,True,-0.065462
2020-05-16 23:27:14.430,4.31,KCC,S,2020-05-16 23:27:59.064538,0.3261962,False,
2020-05-16 23:27:14.430,4.31,LIND,P,2020-05-16 23:27:49.420000,0.7092429,False,
2020-05-16 23:27:14.430,4.31,LIND,S,2020-05-16 23:28:16.490000,0.33667263,False,
2020-05-16 23:27:14.430,4.31,OVRO,P,2020-05-16 23:27:33.256860,0.62509984,True,-0.05314
2020-05-16 23:27:14.430,4.31,OVRO,S,2020-05-16 23:27:46.326860,0.49951708,False,
2022-09-14 01:40:20.420,4.29,AASB,S,2022-09-14 01:40:17.699200,0.6458076,False,
2022-09-14 01:40:20.420,4.29,ADAM,P,2022-09-14 01:40:29.039200,0.9328043,True,0.0792
2022-09-14 01:40:20.420,4.29,ADAM,S,2022-09-14 01:40:35.759200,0.7979991,False,
2022-09-14 01:40:20.420,4.29,AONC,P,2022-09-14 01:40:13.491860,0.6366981,False,
2022-09-14 01:40:20.420,4.29,BKS,P,2022-09-14 01:40:34.704538,0.796013,True,0.014538
2022-09-14 01:40:20.420,4.29,BKS,S,2022-09-14 01:40:44.924538,0.30405384,False,
2022-09-14 01:40:20.420,4.29,BKS,S,2022-09-14 01:40:46.054538,0.38920933,False,
2023-08-10 19:17:18.370,4.28,ALVW,P,2023-08-10 19:17:39.109200,0.58240926,True,0.0992
2023-08-10 19:17:18.370,4.28,BUCR,P,2023-08-10 19:17:48.295000,0.7520981,True,-0.255
2023-08-10 19:17:18.370,4.28,CCOR,P,2023-08-10 19:17:33.689200,0.93096334,False,
2023-08-10 19:17:18.370,4.28,CCOR,S,2023-08-10 19:17:46.339200,0.5518309,False,
2023-08-10 19:17:18.370,4.28,FORD,P,2023-08-10 19:17:42.381859,0.3316713,True,0.341859
2023-08-10 19:17:18.370,4.28,FORD,S,2023-08-10 19:18:00.291859,0.41529486,False,
2023-08-10 19:17:18.370,4.28,HAS2,P,2023-08-10 19:17:36.459201,0.704922,True,-0.000799
2023-08-10 19:17:18.370,4.28,HAS2,S,2023-08-10 19:17:50.149201,0.32028288,False,
2021-03-30 16:04:05.820,4.28,BUCR,P,2021-03-30 16:04:36.585000,0.77432585,True,0.035
2021-03-30 16:04:05.820,4.28,BUCR,S,2021-03-30 16:04:59.775000,0.3622929,False,
2021-03-30 16:04:05.820,4.28,CGRV,P,2021-03-30 16:04:33.199200,0.85970217,False,
2021-03-30 16:04:05.820,4.28,CGRV,P,2021-03-30 16:04:52.389200,0.43019298,False,
2021-03-30 16:04:05.820,4.28,CMB,P,2021-03-30 16:04:37.964538,0.7013016,True,0.024538
2021-03-30 16:04:05.820,4.28,CMB,S,2021-03-30 16:05:02.754538,0.477507,False,
2021-03-30 16:04:05.820,4.28,HELL,P,2021-03-30 16:04:36.549200,0.79156405,True,0.0192
2021-03-30 16:04:05.820,4.28,HELL,S,2021-03-30 16:04:59.049200,0.34616,False,
2021-03-30 16:04:05.820,4.28,KARE,P,2021-03-30 16:04:40.685000,0.52495676,False,
2021-03-30 16:04:05.820,4.28,LEGD,P,2021-03-30 16:04:39.945000,0.6247987,True,-0.145
2021-03-30 16:04:05.820,4.28,LEGD,S,2021-03-30 16:05:06.605000,0.36909014,False,
2021-03-30 16:04:05.820,4.28,MMI,P,2021-03-30 16:04:34.229200,0.83749413,False,
2021-03-30 16:04:05.820,4.28,MMI,S,2021-03-30 16:04:54.329200,0.57180923,False,
2021-03-30 16:04:05.820,4.28,OVRO,P,2021-03-30 16:04:24.531860,0.7457723,True,0.33186
2021-03-30 16:04:05.820,4.28,OVRO,S,2021-03-30 16:04:38.361860,0.6114323,False,
2023-01-20 08:01:14.570,4.26,AONC,P,2023-01-20 08:01:43.091860,0.880701,True,-0.08814
2023-01-20 08:01:14.570,4.26,AONC,S,2023-01-20 08:02:05.391860,0.5919565,False,
2023-01-20 08:01:14.570,4.26,BAKR,P,2023-01-20 08:01:37.459200,0.77505946,True,0.0792
2023-01-20 08:01:14.570,4.26,BAKR,S,2023-01-20 08:01:56.349200,0.53646994,False,
2023-01-20 08:01:14.570,4.26,BIGV,P,2023-01-20 08:01:45.829199,0.81255746,True,0.079199
2023-01-20 08:01:14.570,4.26,BRIT,P,2023-01-20 08:01:41.809200,0.8684208,True,0.0292
2020-05-15 22:15:49.290,4.25,CMB,P,2020-05-15 22:16:22.384539,0.77046555,True,-0.035461
2020-05-15 22:15:49.290,4.25,KARE,P,2020-05-15 22:16:24.880000,0.5176836,True,-0.43
2020-05-15 22:15:49.290,4.25,KCC,P,2020-05-15 22:16:14.484538,0.8576634,True,-0.045462
2020-05-15 22:15:49.290,4.25,KCC,S,2020-05-15 22:16:35.294538,0.3318951,False,
2020-05-15 22:15:49.290,4.25,OVRO,P,2020-05-15 22:16:08.406860,0.8322412,True,-0.31314
2020-05-15 22:15:49.290,4.25,OVRO,S,2020-05-15 22:16:21.996860,0.61563003,False,
2023-10-28 05:40:18.740,4.24,AASB,P,2023-10-28 05:40:42.094199,0.91762877,True,0.074199
2023-10-28 05:40:18.740,4.24,AASB,S,2023-10-28 05:40:59.244199,0.42994857,False,
2023-10-28 05:40:18.740,4.24,ALVW,P,2023-10-28 05:40:49.854200,0.91426814,True,0.0542
2023-10-28 05:40:18.740,4.24,BLUE,P,2023-10-28 05:40:31.824200,0.93946624,True,0.0442
2023-10-28 05:40:18.740,4.24,BLUE,S,2023-10-28 05:40:41.424200,0.75776666,False,
2023-10-28 05:40:18.740,4.24,BOYR,P,2023-10-28 05:40:52.134200,0.6858007,True,0.1942
2023-10-28 05:40:18.740,4.24,BUCR,P,2023-10-28 05:40:37.390000,0.95257556,True,0.05
2023-10-28 05:40:18.740,4.24,BUCR,S,2023-10-28 05:40:50.730000,0.79040325,False,
2023-10-28 05:40:18.740,4.24,CMB,P,2023-10-28 05:40:34.654538,0.896707,True,0.044538
2023-10-28 05:40:18.740,4.24,CMB,S,2023-10-28 05:40:46.084538,0.8185098,False,
2023-10-18 16:29:14.990,4.24,AASB,P,2023-10-18 16:29:24.194200,0.81325066,True,0.0842
2023-10-18 16:29:14.990,4.24,AASB,S,2023-10-18 16:29:32.194200,0.45555884,False,
2023-10-18 16:29:14.990,4.24,ADAM,P,2023-10-18 16:29:30.624200,0.5278748,True,-0.1458
2023-10-18 16:29:14.990,4.24,ALVW,P,2023-10-18 16:29:40.064200,0.44073683,False,
2023-10-18 16:29:14.990,4.24,AONC,P,2023-10-18 16:29:44.316859,0.3106546,False,
2023-10-18 16:29:14.990,4.24,ATP,P,2023-10-18 16:29:27.434201,0.49060398,True,0.204201
2023-10-18 16:29:14.990,4.24,ATP,S,2023-10-18 16:29:40.394201,0.3220449,False,
2023-10-18 16:29:14.990,4.24,BAYL,P,2023-10-18 16:29:39.284200,0.80645055,True,0.0242
2023-10-18 16:29:14.990,4.24,BAYL,S,2023-10-18 16:29:59.544200,0.5349215,False,
2023-10-18 16:29:14.990,4.24,BCCR,P,2023-10-18 16:29:42.304200,0.6327044,True,0.3042
2022-07-23 01:41:04.680,4.24,AASB,P,2022-07-23 01:41:23.694199,0.8434869,True,0.064199
2022-07-23 01:41:04.680,4.24,AASB,S,2022-07-23 01:41:37.964199,0.38621077,False,
2022-07-23 01:41:04.680,4.24,ADAM,P,2022-07-23 01:41:22.594200,0.7036257,True,-0.0058
2022-07-23 01:41:04.680,4.24,AONC,P,2022-07-23 01:41:16.936860,0.8994598,True,0.00686
2022-07-23 01:41:04.680,4.24,AONC,S,2022-07-23 01:41:26.456860,0.8328029,False,
2022-07-23 01:41:04.680,4.24,BAKR,P,2022-07-23 01:41:24.994200,0.8352481,True,0.0742
2022-07-23 01:41:04.680,4.24,BAKR,S,2022-07-23 01:41:40.584200,0.35793546,False,
2022-07-23 01:41:04.680,4.24,BCCR,P,2022-07-23 01:41:12.224200,0.61328685,True,0.2842
2022-07-23 01:41:04.680,4.24,BCCR,S,2022-07-23 01:41:17.794200,0.60558665,True,-0.0858
2022-07-23 01:41:04.680,4.24,BIGV,P,2022-07-23 01:41:34.754199,0.47852218,True,0.414199
2021-07-08 23:58:53.570,4.24,BUCR,S,2021-07-08 23:59:02.445000,0.38004598,False,
2021-07-08 23:58:53.570,4.24,BUCR,P,2021-07-08 23:59:11.765000,0.6059904,True,0.085
2021-07-08 23:58:53.570,4.24,BUCR,S,2021-07-08 23:59:24.705000,0.5190713,False,
2021-07-08 23:58:53.570,4.24,CMB,P,2021-07-08 23:59:09.054536,0.9593134,True,0.034536
2021-07-08 23:58:53.570,4.24,CMB,S,2021-07-08 23:59:20.154536,0.668115,False,
2021-07-08 23:58:53.570,4.24,HELL,P,2021-07-08 23:59:27.309200,0.8306512,True,-0.0008
2021-07-08 23:58:53.570,4.24,HELL,P,2021-07-08 23:59:52.319200,0.40956658,False,
2021-07-08 23:58:53.570,4.24,JEPS,P,2021-07-08 23:59:27.465000,0.85554284,True,0.095
2021-07-08 23:58:53.570,4.24,JEPS,S,2021-07-08 23:59:53.575000,0.47411072,False,
2021-07-08 23:58:53.570,4.24,KARE,P,2021-07-08 23:59:28.345000,0.74325144,True,0.345
2021-07-08 23:58:53.570,4.24,KARE,S,2021-07-08 23:59:53.815000,0.57054603,False,
2020-08-19 00:55:23.190,4.22,AONC,S,2020-08-19 00:55:38.576860,0.3048362,False,
2020-08-19 00:55:23.190,4.22,BARR,P,2020-08-19 00:55:25.380000,0.9601432,True,0.06
2020-08-19 00:55:23.190,4.22,BARR,S,2020-08-19 00:55:27.120000,0.93307245,True,0.01
2020-08-19 00:55:23.190,4.22,BARR,S,2020-08-19 00:56:08.560000,0.47018787,False,
2020-08-19 00:55:23.190,4.22,BARR,P,2020-08-19 00:56:40.140000,0.9480847,False,
2020-08-19 00:55:23.190,4.22,BARR,S,2020-08-19 00:56:41.840000,0.8328637,False,
2020-08-19 00:55:23.190,4.22,BARR,P,2020-08-19 00:56:46.400000,0.84191453,False,
2020-08-19 00:55:23.190,4.22,BARR,S,2020-08-19 00:56:48.180000,0.6461789,False,
2020-08-19 00:55:23.190,4.22,BARR,P,2020-08-19 00:56:59.140000,0.9594944,False,
2020-08-19 00:55:23.190,4.22,BARR,S,2020-08-19 00:57:00.880000,0.77476996,False,
2020-08-19 00:55:23.190,4.22,BARR,P,2020-08-19 00:57:09.940000,0.911958,False,
2020-08-19 00:55:23.190,4.22,BDM,P,2020-08-19 00:55:54.884538,0.5900936,False,
2020-08-19 00:55:23.190,4.22,BJES,P,2020-08-19 00:55:46.320000,0.81261307,True,0.16
2020-08-19 00:55:23.190,4.22,BKS,P,2020-08-19 00:55:51.554538,0.5755478,False,
2020-08-19 00:55:23.190,4.22,BL67,P,2020-08-19 00:55:51.454538,0.8658222,True,-0.005462
2020-08-19 00:55:23.190,4.22,BONV,P,2020-08-19 00:55:31.386859,0.9554376,True,0.046859
2020-08-19 00:55:23.190,4.22,BRIB,P,2020-08-19 00:55:50.960000,0.60547614,True,0.04
2020-08-19 00:55:23.190,4.22,BRIB,S,2020-08-19 00:56:00.040000,0.3837486,False,
2020-12-01 23:43:08.300,4.21,BUCR,P,2020-12-01 23:43:39.300000,0.6842693,True,-0.05
2020-12-01 23:43:08.300,4.21,BUCR,S,2020-12-01 23:43:41.260000,0.51383555,False,
2020-12-01 23:43:08.300,4.21,BUCR,S,2020-12-01 23:44:02.600000,0.48040068,False,
2020-12-01 23:43:08.300,4.21,CGRV,P,2020-12-01 23:43:35.864200,0.82180333,False,
2020-12-01 23:43:08.300,4.21,CGRV,S,2020-12-01 23:43:55.544200,0.5695306,False,
2020-12-01 23:43:08.300,4.21,CMB,P,2020-12-01 23:43:40.639539,0.8252887,True,-0.040461
2020-12-01 23:43:08.300,4.21,CMB,S,2020-12-01 23:43:43.399539,0.35484225,False,
2020-12-01 23:43:08.300,4.21,HELL,P,2020-12-01 23:43:39.104199,0.6926514,True,-0.035801
2020-12-01 23:43:08.300,4.21,HELL,P,2020-12-01 23:43:39.844199,0.47877848,False,
2020-12-01 23:43:08.300,4.21,HELL,S,2020-12-01 23:44:02.094199,0.58745253,False,
2020-12-01 23:43:08.300,4.21,KARE,P,2020-12-01 23:43:43.560000,0.43434542,False,
2020-12-01 23:43:08.300,4.21,KARE,P,2020-12-01 23:43:44.640000,0.4404354,True,-0.03
2020-12-01 23:43:08.300,4.21,LEGD,P,2020-12-01 23:43:42.840000,0.34123495,False,
2020-12-01 23:43:08.300,4.21,LEGD,P,2020-12-01 23:43:44.240000,0.4465465,True,-0.16
2020-12-01 23:43:08.300,4.21,LEGD,S,2020-12-01 23:44:09.290000,0.37912333,False,
2020-12-01 23:43:08.300,4.21,OVRO,P,2020-12-01 23:43:27.271860,0.858788,True,0.02186
2020-12-01 23:43:08.300,4.21,OVRO,S,2020-12-01 23:43:40.971860,0.5230784,False,
2020-12-01 23:43:08.300,4.21,TOLH,P,2020-12-01 23:43:38.704200,0.7520826,True,-0.0058
2020-12-01 23:43:08.300,4.21,TOLH,P,2020-12-01 23:44:00.474200,0.82822996,False,
2021-01-17 04:01:27.110,4.2,BDM,P,2021-01-17 04:01:47.279538,0.71247023,True,0.109538
2021-01-17 04:01:27.110,4.2,BKS,P,2021-01-17 04:01:46.839538,0.702345,True,0.089538
2021-01-17 04:01:27.110,4.2,BKS,S,2021-01-17 04:02:04.049538,0.46291584,False,
2021-01-17 04:01:27.110,4.2,BL67,P,2021-01-17 04:01:46.879537,0.70168525,True,-0.040463
2021-01-17 04:01:27.110,4.2,BL67,S,2021-01-17 04:02:03.399537,0.4280827,False,
2021-01-17 04:01:27.110,4.2,BRIB,P,2021-01-17 04:01:47.485000,0.60052633,True,0.175
2021-01-17 04:01:27.110,4.2,BRIB,S,2021-01-17 04:02:04.925000,0.31722608,False,
2021-01-17 04:01:27.110,4.2,BRK,P,2021-01-17 04:01:46.669538,0.63710994,True,-0.310462
2021-01-17 04:01:27.110,4.2,BRK,S,2021-01-17 04:02:03.419538,0.35708413,False,
2021-01-17 04:01:27.110,4.2,BUCR,P,2021-01-17 04:01:51.705000,0.7468442,True,0.135
2021-01-17 04:01:27.110,4.2,CMB,P,2021-01-17 04:01:53.479536,0.752528,True,0.159536
2022-06-28 11:57:40.710,4.19,AASB,P,2022-06-28 11:58:03.849200,0.8067025,True,0.0292
2022-06-28 11:57:40.710,4.19,ADAM,P,2022-06-28 11:57:47.839200,0.7318296,False,
2022-06-28 11:57:40.710,4.19,AONC,P,2022-06-28 11:58:03.531861,0.6383351,False,
2022-06-28 11:57:40.710,4.19,BAKR,P,2022-06-28 11:58:08.539200,0.5508615,False,
2022-06-28 11:57:40.710,4.19,BCCR,P,2022-06-28 11:58:02.579200,0.42218134,True,-0.4208
2022-06-28 11:57:40.710,4.19,BJES,P,2022-06-28 11:58:51.475000,0.5779023,False,
2022-06-28 11:57:40.710,4.19,BJES,P,2022-06-28 11:59:13.165000,0.41408193,False,
2020-12-02 02:23:45.000,4.18,BUCR,P,2020-12-02 02:24:15.890000,0.6733148,False,
2020-12-02 02:23:45.000,4.18,BUCR,S,2020-12-02 02:24:39.450000,0.33882385,False,
2020-12-02 02:23:45.000,4.18,CGRV,P,2020-12-02 02:24:12.244200,0.8532944,False,
2020-12-02 02:23:45.000,4.18,CGRV,S,2020-12-02 02:24:31.864200,0.44128054,False,
2020-12-02 02:23:45.000,4.18,CMB,P,2020-12-02 02:24:17.259537,0.7913199,False,
2020-12-02 02:23:45.000,4.18,HELL,P,2020-12-02 02:24:15.524200,0.5937782,True,-0.4058
2020-12-02 02:23:45.000,4.18,HELL,S,2020-12-02 02:24:38.834200,0.5273155,False,
2020-12-02 02:23:45.000,4.18,KARE,P,2020-12-02 02:24:19.950000,0.8915785,False,
2020-12-02 02:23:45.000,4.18,KARE,S,2020-12-02 02:24:47.050000,0.4936561,False,
2020-12-02 02:23:45.000,4.18,LEGD,P,2020-12-02 02:24:19.340000,0.5049204,True,-0.06
2020-12-02 02:23:45.000,4.18,LEGD,S,2020-12-02 02:25:01.170000,0.30599177,False,
2020-12-02 02:23:45.000,4.18,OVRO,P,2020-12-02 02:24:03.941860,0.72282904,True,-0.10814
2020-12-02 02:23:45.000,4.18,OVRO,S,2020-12-02 02:24:17.641860,0.66411006,False,
2020-12-02 02:23:45.000,4.18,TOLH,P,2020-12-02 02:24:15.044199,0.73213583,True,0.054199
2020-12-02 02:23:45.000,4.18,TOLH,P,2020-12-02 02:24:36.874199,0.37970638,False,
2020-12-02 02:23:45.000,4.18,TOLH,S,2020-12-02 02:24:36.954199,0.31509963,False,
2020-12-02 02:23:45.000,4.18,TOLH,S,2020-12-02 02:24:51.694199,0.48719913,False,
2023-06-03 12:01:28.410,4.17,AASB,P,2023-06-03 12:01:42.129200,0.6456541,True,0.1792
2023-06-03 12:01:28.410,4.17,AONC,P,2023-06-03 12:01:44.351860,0.46857285,True,-0.12814
2020-05-16 04:12:20.910,4.16,CMB,P,2020-05-16 04:12:53.729537,0.85399324,True,-0.000463
2020-05-16 04:12:20.910,4.16,CMB,S,2020-05-16 04:12:56.299537,0.33414528,False,
2020-05-16 04:12:20.910,4.16,CMB,S,2020-05-16 04:13:18.739537,0.41810626,False,
2020-05-16 04:12:20.910,4.16,KARE,P,2020-05-16 04:12:55.495000,0.8262158,False,
2020-05-16 04:12:20.910,4.16,KARE,S,2020-05-16 04:13:22.925000,0.49939078,False,
2020-05-16 04:12:20.910,4.16,KCC,P,2020-05-16 04:12:46.159538,0.84288514,True,-0.010462
2020-05-16 04:12:20.910,4.16,KCC,S,2020-05-16 04:12:49.549538,0.32865098,False,
2020-05-16 04:12:20.910,4.16,KCC,S,2020-05-16 04:13:03.459538,0.73292524,False,
2020-05-16 04:12:20.910,4.16,LIND,P,2020-05-16 04:12:55.885000,0.64388436,False,
2020-05-16 04:12:20.910,4.16,LIND,S,2020-05-16 04:13:23.235000,0.46480405,False,
2020-05-16 04:12:20.910,4.16,OVRO,P,2020-05-16 04:12:39.441860,0.9362804,True,-0.01814
2020-05-16 04:12:20.910,4.16,OVRO,S,2020-05-16 04:12:52.891860,0.64843935,False,
